platform,ad_format,objective,audience_size,daily_budget,creative_quality,days_running,retargeting,day_of_week,ctr,cpc,roas
Meta,video,traffic,medium,1454.52,4,1,0,0,0.0221,1.9,3.4
Google,video,awareness,narrow,1390.2,2,32,0,0,0.0306,2.97,2.86
Google,carousel,traffic,broad,236.72,5,8,0,6,0.0317,2.69,3.16
Meta,video,conversions,medium,1849.02,3,40,1,3,0.0402,2.4,5.82
Meta,video,conversions,narrow,1158.52,3,56,1,3,0.055,2.73,7.26
Meta,carousel,conversions,broad,759.26,3,63,0,6,0.0256,2.38,3.5
Meta,image,conversions,medium,1525.25,1,88,0,4,0.0212,2.62,2.38
Google,carousel,conversions,narrow,551.86,1,74,1,3,0.0417,3.63,4.27
Google,video,traffic,medium,1402.34,3,74,0,5,0.029,2.78,2.67
Google,image,conversions,narrow,127.44,4,36,1,6,0.0328,3.11,6.04
Meta,video,conversions,broad,1686.85,4,89,0,1,0.0321,2.4,4.25
Google,video,conversions,broad,923.93,1,57,0,5,0.0279,3.08,2.16
Google,carousel,traffic,broad,1291.55,3,74,0,6,0.0222,2.76,2.16
Meta,video,conversions,medium,481.41,4,83,1,3,0.0587,2.1,6.77
Meta,image,traffic,medium,1370.29,1,45,1,1,0.0374,1.92,3.76
Meta,image,conversions,broad,1555.87,3,79,0,1,0.0243,2.01,4.27
Meta,video,awareness,narrow,972.77,2,80,1,0,0.0585,2.39,6.09
Meta,carousel,awareness,medium,1254.57,3,2,0,4,0.0281,1.93,2.5
Meta,video,conversions,medium,939.84,3,68,0,0,0.0322,2.58,3.5
Meta,image,conversions,narrow,1793.48,5,50,1,6,0.0478,2.94,6.3
Google,carousel,conversions,medium,1020.84,5,29,0,0,0.0217,2.58,4.03
Meta,image,conversions,broad,1691.53,2,81,0,5,0.031,2.4,2.41
Meta,carousel,traffic,broad,1612.64,2,10,0,3,0.03,1.92,2.94
Meta,video,awareness,narrow,850.48,3,27,1,5,0.0439,2.38,5.46
Meta,image,traffic,narrow,498.66,4,15,1,3,0.0429,1.43,5.38
Google,video,awareness,narrow,841.86,2,60,1,5,0.0415,2.96,4.44
Meta,image,conversions,broad,1661.12,3,31,0,1,0.0212,2.65,3.11
Meta,carousel,conversions,narrow,493.88,1,21,1,3,0.0332,2.35,4.03
Meta,video,traffic,broad,1072.65,5,60,0,3,0.0349,1.84,5.15
Meta,image,conversions,narrow,1621.89,4,58,1,5,0.0464,2.7,6.87
Google,video,traffic,medium,739.28,3,41,0,2,0.0261,2.3,3.38
Meta,image,conversions,medium,1302.31,1,46,0,1,0.0241,2.27,1.89
Meta,image,conversions,broad,528.98,5,45,0,6,0.0391,1.95,4.35
Google,carousel,awareness,narrow,263.09,1,26,1,1,0.0315,2.98,3.98
Google,image,conversions,medium,1599.05,3,51,1,6,0.0349,3.06,4.97
Google,video,awareness,narrow,242.99,2,36,0,2,0.0346,2.5,2.59
Meta,video,awareness,broad,579.19,5,52,0,5,0.0388,2.2,3.7
Meta,video,traffic,broad,1717.46,1,81,1,5,0.0309,2.3,3.68
Google,video,traffic,narrow,725.62,2,51,0,1,0.0315,2.36,2.84
Meta,video,traffic,broad,1947.44,4,3,1,5,0.0457,1.85,5.82
Meta,carousel,awareness,medium,1960.48,3,14,1,4,0.0324,2.16,3.13
Meta,image,conversions,narrow,573.14,3,49,0,4,0.0413,2.67,4.49
Meta,image,conversions,medium,129.91,5,77,0,6,0.0422,1.59,4.21
Google,video,traffic,narrow,1424.87,1,1,0,2,0.0244,3.48,1.62
Meta,carousel,conversions,broad,929.42,4,57,0,3,0.033,2.53,2.67
Google,image,conversions,broad,246.47,5,17,0,4,0.0302,3.02,3.12
Meta,video,conversions,narrow,1429.67,5,50,1,6,0.0563,3.24,8.01
Meta,image,traffic,medium,110.79,1,14,0,5,0.0214,1.67,1.8
Meta,image,awareness,broad,1746.88,4,59,0,2,0.0258,2.16,2.21
Meta,video,conversions,broad,320.37,1,81,1,6,0.0307,2.56,5.16
Google,image,awareness,medium,298.26,3,3,1,6,0.0323,2.72,4.23
Google,image,traffic,broad,392.56,2,40,1,4,0.0185,2.17,3.01
Google,video,awareness,medium,1922.52,3,89,0,0,0.0327,3.07,4.15
Google,carousel,traffic,medium,1401.68,3,66,1,2,0.0296,2.52,4.37
Meta,carousel,traffic,broad,1612.67,5,34,1,1,0.0402,2.14,5.21
Google,image,conversions,medium,825.39,3,9,0,6,0.0309,3.19,2.43
Meta,image,awareness,medium,705.81,4,84,0,4,0.0305,1.3,3.83
Meta,image,conversions,medium,507.24,3,21,0,1,0.0236,2.12,3.37
Meta,image,awareness,broad,987.26,4,25,1,2,0.0299,1.88,4.52
Meta,image,awareness,broad,1126.07,1,44,0,4,0.013,1.71,1.02
Meta,video,conversions,medium,1281.96,5,25,1,1,0.055,2.48,6.81
Meta,image,conversions,medium,551.38,4,9,1,3,0.0438,2.41,5.04
Google,carousel,traffic,medium,1899.88,3,62,0,6,0.0188,2.86,1.07
Meta,image,conversions,medium,381.03,5,26,0,3,0.0292,2.18,4.69
Meta,video,awareness,narrow,1933.02,5,57,0,0,0.0464,2.89,4.11
Meta,carousel,conversions,broad,78.97,4,37,0,5,0.0311,2.17,3.65
Meta,video,conversions,medium,988.2,4,16,1,2,0.0608,2.36,6.6
Google,video,awareness,medium,700.07,2,37,1,5,0.0352,2.22,4.33
Meta,video,traffic,narrow,925.79,2,76,0,5,0.0451,2.38,3.71
Google,video,awareness,narrow,1162.8,5,24,1,1,0.0441,3.15,5.92
Google,carousel,conversions,broad,899.4,2,26,0,0,0.0131,3.45,2.05
Meta,image,traffic,medium,858.95,3,20,0,2,0.0194,1.77,2.81
Meta,video,traffic,narrow,1478.81,1,9,0,3,0.0389,1.8,3.94
Google,carousel,traffic,medium,1387.46,5,87,0,5,0.0378,2.21,3.71
Google,carousel,traffic,medium,1674.88,1,29,1,1,0.0231,3.02,2.75
Google,carousel,traffic,narrow,537.42,2,31,1,5,0.0337,2.69,3.45
Google,video,conversions,medium,1238.58,4,19,0,4,0.0292,3.3,4.05
Meta,image,conversions,medium,1191.13,5,20,0,3,0.0259,2.39,4.39
Meta,carousel,traffic,medium,770.99,2,87,0,5,0.0286,1.68,2.52
Meta,carousel,conversions,medium,997.81,3,27,0,4,0.0331,2.27,3.73
Google,video,traffic,medium,661.88,5,85,1,4,0.0441,2.24,5.66
Google,video,conversions,broad,326.6,5,44,1,1,0.038,2.89,6.16
Meta,image,traffic,medium,466.91,4,35,1,1,0.0462,1.46,5.48
Meta,carousel,traffic,narrow,255.75,5,71,0,4,0.0375,1.87,4.82
Meta,image,conversions,narrow,1381.99,4,22,0,0,0.0407,2.72,4.45
Meta,image,conversions,medium,1338.42,2,74,0,5,0.0187,2.33,2.5
Google,video,conversions,broad,1903.68,3,87,0,4,0.028,3.65,3.11
Google,image,traffic,narrow,1472.87,3,15,0,4,0.0275,3.1,2.81
Google,carousel,awareness,broad,151.49,5,13,0,1,0.0276,2.65,3.82
Meta,video,conversions,narrow,1774.28,5,4,0,5,0.0498,3.39,5.17
Meta,carousel,traffic,medium,1732.22,2,82,1,2,0.0375,2.28,4.38
Google,carousel,conversions,broad,914.47,4,56,1,3,0.0313,3.23,4.41
Google,video,conversions,medium,1192.43,3,23,0,1,0.033,3.26,3.05
Meta,image,awareness,medium,1953.35,4,34,1,5,0.0386,2.35,4.35
Google,video,conversions,narrow,1087.99,2,17,0,5,0.0362,3.55,2.57
Meta,carousel,conversions,broad,1815.38,3,28,0,6,0.0294,2.84,3.65
Meta,image,conversions,narrow,211.93,3,14,1,0,0.0386,2.65,4.31
Meta,image,conversions,broad,422.55,1,34,0,3,0.0134,2.02,1.92
Meta,carousel,conversions,narrow,909.47,2,75,1,1,0.0339,2.94,4.62
Meta,video,conversions,broad,1190.28,2,57,0,1,0.0351,2.38,3.1
Meta,carousel,traffic,medium,1641.64,1,77,0,2,0.0261,1.96,2.75
Google,image,conversions,broad,1977.11,4,55,0,6,0.0282,3.25,3.22
Meta,video,traffic,medium,808.26,1,66,1,6,0.0385,1.79,3.9
Meta,image,conversions,broad,142.46,2,37,1,0,0.0223,2.34,3.79
Google,carousel,conversions,narrow,1612.28,4,68,1,6,0.0409,3.95,5.22
Meta,video,traffic,narrow,1228.54,3,76,1,0,0.0499,2.37,5.82
Meta,carousel,awareness,medium,437.16,1,26,0,5,0.0227,1.81,1.82
Google,carousel,conversions,narrow,1014.92,4,61,0,5,0.0349,3.89,4.91
Meta,video,awareness,narrow,1497.5,4,67,1,1,0.0538,2.3,5.33
Meta,carousel,traffic,broad,1552.3,4,84,0,2,0.0281,1.63,3.08
Meta,video,traffic,broad,1024.26,1,74,1,1,0.0346,2.2,3.81
Meta,video,traffic,medium,645.17,3,52,0,6,0.0298,1.53,3.95
Google,video,conversions,broad,1948.8,4,18,0,4,0.0369,3.18,3.88
Google,carousel,conversions,medium,1343.56,1,53,0,5,0.0188,2.66,2.43
Google,image,traffic,narrow,846.06,2,63,1,4,0.0263,3.13,4.02
Google,video,conversions,broad,596.9,1,53,1,6,0.0291,2.49,3.71
Google,image,awareness,medium,1475.65,1,27,0,2,0.0123,2.52,1.7
Meta,image,conversions,broad,522.26,1,31,0,1,0.025,2.33,2.6
Google,video,conversions,narrow,384.83,4,1,0,5,0.0408,3.53,4.87
Meta,carousel,traffic,medium,1083.18,1,6,0,2,0.0211,1.63,2.26
Google,carousel,conversions,narrow,615.48,2,11,1,1,0.0338,3.34,4.68
Google,image,traffic,narrow,1276.37,4,34,0,1,0.0329,2.82,3.92
Meta,carousel,traffic,narrow,279.98,2,84,0,4,0.0277,1.82,3.25
Meta,image,awareness,broad,1327.14,5,63,0,3,0.0275,1.98,3.19
Meta,carousel,traffic,broad,602.43,1,53,0,6,0.0264,1.53,1.71
Meta,image,traffic,broad,50.47,4,85,1,0,0.0375,1.44,4.82
Google,image,traffic,medium,297.53,4,85,0,5,0.0149,1.95,2.52
Google,video,awareness,medium,1870.55,1,18,0,0,0.0132,3.2,2.34
Meta,carousel,conversions,narrow,1741.34,3,21,1,2,0.0477,3.08,5.7
Meta,image,conversions,narrow,505.54,3,19,0,0,0.0289,2.79,3.77
Meta,video,conversions,medium,1567.83,2,4,1,4,0.0472,2.86,5.39
Meta,video,conversions,broad,1236.71,1,77,0,3,0.0282,2.12,4.66
Meta,image,traffic,medium,1943.26,1,82,0,5,0.0198,1.98,1.39
Meta,image,traffic,narrow,778.53,5,29,0,6,0.0335,1.57,3.69
Google,image,traffic,narrow,1378.85,3,25,0,1,0.0347,4.06,1.83
Meta,carousel,conversions,narrow,173.89,3,56,0,1,0.0522,2.41,4.36
Meta,video,traffic,medium,822.68,1,77,0,6,0.0256,2.06,2.75
Google,image,conversions,broad,1929.44,2,63,0,4,0.0198,3.01,2.01
Meta,video,traffic,medium,1101.01,1,27,0,5,0.0275,2.13,2.1
Google,carousel,traffic,broad,611.37,2,60,1,0,0.0257,3.04,3.11
Google,carousel,conversions,medium,284.53,3,83,1,6,0.0328,2.87,4.59
Meta,image,conversions,medium,1421.88,5,49,0,1,0.0296,2.12,4.49
Meta,image,conversions,narrow,1307.47,4,65,0,0,0.0323,2.75,5.01
Meta,video,awareness,broad,779.18,3,38,1,4,0.042,1.07,5.28
Meta,image,awareness,broad,1904.34,2,83,1,1,0.0264,2.06,4.12
Meta,carousel,traffic,narrow,93.3,1,52,0,2,0.0151,2.17,2.7
Google,image,conversions,medium,642.26,3,1,0,3,0.0262,2.98,2.88
Meta,video,conversions,medium,1846.09,5,40,0,0,0.0428,2.47,5.01
Meta,image,traffic,medium,675.82,2,81,0,6,0.0287,1.86,2.17
Meta,carousel,traffic,broad,541.89,1,21,1,5,0.0309,1.84,2.87
Google,video,conversions,medium,1091.73,4,86,1,0,0.0376,2.63,5.74
Meta,video,conversions,medium,1656.41,2,15,1,0,0.0329,2.52,5.4
Meta,image,traffic,narrow,251.14,1,50,0,0,0.0214,2.71,2.34
Meta,carousel,conversions,narrow,1888.89,4,48,0,6,0.0379,2.57,4.86
Google,video,conversions,narrow,1600.39,1,32,1,4,0.0467,3.65,4.4
Meta,video,conversions,narrow,403.44,4,49,0,4,0.046,3.1,5.89
Google,video,traffic,broad,1438.42,4,68,0,5,0.0337,3.06,2.93
Google,video,awareness,broad,800.67,4,45,0,4,0.0214,2.39,2.35
Meta,image,awareness,narrow,834.47,1,32,0,6,0.0298,2.21,2.11
Google,image,traffic,broad,1577.42,4,4,0,5,0.0236,2.77,3.28
Meta,image,traffic,narrow,1927.43,2,65,0,5,0.0179,2.25,2.47
Google,image,conversions,medium,296.98,5,71,1,4,0.0466,2.87,5.69
Google,video,traffic,narrow,870.23,5,73,1,1,0.0505,2.88,6.14
Meta,carousel,conversions,medium,987.84,4,65,0,4,0.037,2.33,4.06
Meta,image,traffic,narrow,783.81,5,80,1,1,0.0427,1.91,5.63
Google,carousel,conversions,medium,758.22,5,18,0,2,0.0394,2.64,4.03
Meta,image,conversions,medium,151.92,4,54,0,4,0.0261,2.03,4.45
Meta,video,conversions,broad,1386.8,4,47,1,2,0.0512,2.93,6.16
Meta,image,conversions,narrow,900.62,2,6,0,4,0.0361,2.69,2.86
Meta,video,conversions,narrow,429.85,3,66,0,2,0.0381,2.43,4.67
Google,image,conversions,narrow,1641.27,1,9,1,3,0.0439,3.92,3.87
Meta,video,awareness,medium,1614.99,4,68,1,2,0.0472,1.94,5.76
Meta,video,conversions,narrow,998.46,4,23,0,1,0.0493,3.26,5.73
Meta,carousel,traffic,broad,631.98,5,43,0,0,0.0234,1.69,3.09
Google,video,awareness,medium,1294.28,2,51,0,5,0.0356,2.9,2.57
Meta,carousel,awareness,medium,611.9,5,72,0,2,0.0279,1.46,4.65
Google,video,traffic,medium,510.22,4,25,0,0,0.0361,2.6,3.78
Meta,image,awareness,narrow,1474.5,4,80,0,6,0.029,2.42,4.03
Google,image,conversions,narrow,128.63,5,35,1,3,0.0429,3.22,6.99
Meta,image,conversions,medium,234.8,4,17,0,3,0.0359,1.92,4.17
Meta,video,conversions,medium,63.24,3,18,0,6,0.0421,1.83,3.28
Meta,video,traffic,narrow,348.24,1,27,0,6,0.0266,2.09,3.28
Google,video,traffic,narrow,184.53,1,15,0,6,0.0335,2.94,1.67
Google,video,conversions,broad,1991.81,1,81,1,1,0.0382,3.36,4.57
Meta,image,conversions,narrow,613.18,3,69,0,6,0.0303,2.67,3.2
Google,carousel,traffic,broad,341.07,4,80,1,1,0.041,2.39,4.15
Google,carousel,conversions,broad,519.94,5,15,1,2,0.0327,2.99,4.76
Meta,carousel,traffic,narrow,1875.44,2,42,1,4,0.0379,2.4,4.03
Meta,carousel,traffic,narrow,1064.31,4,34,0,6,0.0394,2.22,3.56
Meta,image,traffic,narrow,761.4,3,48,1,6,0.0367,2.94,5.23
Meta,video,traffic,medium,1753.11,3,83,0,3,0.0343,2.12,3.27
Google,carousel,awareness,medium,820.23,1,8,0,0,0.0182,2.74,1.33
Google,image,conversions,broad,703.27,4,10,0,4,0.0231,3.14,2.31
Google,image,traffic,broad,454.2,1,5,0,3,0.0152,2.36,0.66
Meta,video,traffic,medium,786.7,2,48,0,2,0.0289,2.12,3.08
Meta,image,conversions,narrow,667.53,1,26,0,6,0.0302,2.51,2.55
Google,image,conversions,narrow,1370.74,2,86,0,3,0.0327,3.93,2.59
Google,carousel,conversions,broad,614.69,3,23,1,1,0.038,2.88,4.56
Google,image,conversions,narrow,1175.54,1,62,0,0,0.0279,3.26,3.31
Google,video,traffic,narrow,178.49,1,13,0,0,0.0223,2.86,2.21
Google,carousel,awareness,broad,423.01,5,9,1,1,0.0386,2.1,4.17
Meta,video,conversions,medium,844.44,3,20,0,6,0.0326,2.41,4.06
Meta,image,conversions,broad,1877.05,5,57,1,6,0.0356,2.2,5.72
Google,video,awareness,medium,785.64,2,24,1,4,0.0346,2.44,4.16
Google,image,conversions,narrow,1344.94,2,33,0,1,0.0225,3.17,1.63
Meta,carousel,conversions,broad,547.42,3,20,0,6,0.033,3.01,2.43
Meta,video,traffic,narrow,297.72,2,60,1,0,0.0501,1.49,5.11
Google,carousel,traffic,medium,164.15,3,48,1,6,0.0235,2.35,3.84
Meta,video,conversions,medium,645.56,2,64,1,2,0.0399,2.54,5.54
Meta,carousel,conversions,narrow,357.44,4,30,0,6,0.0337,2.82,4.6
Meta,carousel,conversions,medium,389.32,1,73,1,4,0.0337,2.37,4.53
Google,carousel,traffic,narrow,1533.48,4,17,0,5,0.0343,3.06,2.42
Google,video,traffic,medium,80.88,3,14,0,3,0.0268,2.73,3.39
Meta,carousel,conversions,medium,1137.73,3,19,0,5,0.0291,2.62,3.9
Google,image,traffic,broad,789.95,4,71,0,2,0.0265,2.6,1.88
Meta,video,awareness,broad,1037.77,1,59,1,5,0.0225,1.88,3.87
Meta,carousel,conversions,narrow,1147.52,1,67,1,6,0.0482,2.65,4.81
Google,video,conversions,medium,661.07,5,44,1,4,0.0453,2.73,6.37
Google,carousel,traffic,medium,625.46,2,32,0,0,0.0196,2.86,2.12
Google,video,conversions,narrow,1480.13,5,11,0,0,0.0414,4.04,5.85
Google,image,conversions,broad,1748.99,1,2,1,2,0.0327,3.06,3.63
Meta,image,traffic,broad,425.53,4,68,0,5,0.0188,1.58,2.99
Meta,video,awareness,narrow,240.36,2,17,1,4,0.0461,1.93,4.96
Meta,video,awareness,medium,1800.7,4,81,1,3,0.0486,2.03,5.91
Meta,video,traffic,narrow,732.3,5,40,1,6,0.0469,2.14,7.11
Meta,image,traffic,medium,1125.07,3,87,0,5,0.0204,2.12,2.74
Google,video,conversions,narrow,751.11,4,46,1,5,0.0503,3.2,5.98
Meta,image,traffic,broad,295.31,5,88,1,3,0.0336,1.33,4.38
Google,video,conversions,broad,1199.2,5,4,0,1,0.0309,3.53,4.09
Google,video,conversions,medium,1074.02,5,38,1,6,0.0463,2.98,6.36
Google,image,traffic,medium,445.84,3,63,0,2,0.0232,2.05,2.08
Meta,video,traffic,broad,931.14,3,29,0,6,0.0283,1.63,3.51
Meta,carousel,conversions,medium,1604.05,3,19,1,4,0.0474,2.38,4.97
Meta,carousel,awareness,narrow,1201.33,2,29,1,2,0.036,2.73,4.17
Meta,image,conversions,medium,238.99,3,35,1,3,0.0327,2.35,4.97
Google,image,conversions,broad,1118.64,3,70,0,4,0.0306,3.48,2.63
Meta,carousel,conversions,medium,1420.34,3,23,0,0,0.0287,2.67,3.39
Meta,video,traffic,medium,1595.77,4,46,1,0,0.0394,2.26,5.97
Google,video,traffic,broad,1276.78,3,44,0,6,0.0163,2.48,1.8
Meta,video,conversions,broad,347.68,2,48,0,4,0.0364,2.04,3.83
Google,carousel,traffic,broad,1434.84,5,52,0,2,0.0243,2.43,2.87
Google,video,conversions,narrow,1370.82,4,8,0,2,0.0397,3.55,4.51
Google,image,traffic,medium,97.63,1,55,1,0,0.0232,2.53,3.4
Meta,carousel,conversions,broad,852.91,3,66,1,0,0.0441,2.3,5.11
Meta,carousel,conversions,broad,699.25,5,77,0,3,0.0341,2.6,4.43
Google,image,awareness,medium,1355.35,5,40,0,4,0.0377,2.36,3.66
Meta,video,conversions,narrow,471.46,4,85,0,2,0.0467,2.69,5.22
Google,carousel,conversions,broad,1202.2,1,31,0,3,0.0233,2.79,1.93
Google,image,traffic,broad,1830.75,2,48,0,2,0.018,2.88,1.23
Google,video,awareness,narrow,1605.71,5,61,0,0,0.0398,3.4,4.29
Meta,video,conversions,medium,1846.84,5,52,1,4,0.0501,2.49,6.63
Meta,carousel,conversions,narrow,1958.09,5,38,1,1,0.0557,3.15,6.83
Google,image,conversions,medium,70.81,5,36,0,4,0.0326,2.53,3.99
Meta,carousel,traffic,narrow,1264.35,4,87,1,5,0.0441,1.78,5.91
Meta,carousel,conversions,medium,855.04,1,55,1,1,0.0368,2.42,4.35
Meta,image,traffic,medium,1726.72,5,85,0,6,0.0372,2.54,3.01
Google,image,awareness,medium,541.04,2,13,0,6,0.0273,2.16,1.8
Google,image,conversions,medium,1963.01,2,37,0,3,0.0253,3.76,2.39
Meta,video,conversions,broad,1246.73,3,47,0,1,0.0433,2.39,4.17
Meta,image,conversions,narrow,1597.4,5,71,1,1,0.0479,2.48,6.46
Google,carousel,conversions,narrow,216.92,5,22,1,3,0.0525,2.93,5.59
Google,image,awareness,broad,407.74,5,39,0,4,0.0297,2.43,3.14
Meta,carousel,conversions,narrow,1528.89,5,87,1,3,0.0495,2.74,6.69
Meta,image,conversions,broad,92.87,5,58,1,5,0.0396,1.63,5.97
Google,image,traffic,broad,1642.91,2,30,0,0,0.0227,2.28,1.32
Google,image,conversions,medium,77.2,1,18,0,6,0.0131,2.57,1.85
Google,image,traffic,broad,1331.38,1,18,1,0,0.0143,2.76,2.01
Google,image,conversions,narrow,761.93,3,74,1,6,0.0476,3.43,4.99
Meta,video,awareness,medium,1242.41,2,39,1,1,0.046,1.72,5.03
Meta,image,awareness,medium,1407.26,5,26,1,3,0.0432,1.98,4.91
Google,video,traffic,medium,717.83,1,71,0,3,0.0218,2.83,2.15
Google,video,awareness,broad,260.53,4,7,0,3,0.0258,2.5,2.96
Google,image,conversions,narrow,185.81,4,69,0,5,0.0344,3.22,3.83
Google,image,conversions,medium,1198.43,4,65,0,5,0.0349,3.44,2.97
Meta,carousel,traffic,medium,1065.28,5,46,1,4,0.0452,1.53,6.67
Meta,image,traffic,medium,1497.29,5,18,1,2,0.0518,1.88,5.1
Google,image,conversions,narrow,1043.98,3,13,1,6,0.0355,3.45,5.2
Google,image,conversions,medium,873.77,3,25,0,2,0.0239,2.69,3.85
Google,image,conversions,broad,826.27,3,8,0,2,0.0191,2.92,2.74
Google,video,conversions,narrow,101.57,4,74,0,6,0.0356,2.61,4.75
Google,video,conversions,broad,704.34,5,32,0,4,0.0342,3.58,4.01
Meta,video,traffic,medium,1953.24,4,17,1,3,0.0481,1.8,5.08
Meta,image,conversions,broad,1753.43,3,79,0,2,0.0286,3.0,3.65
Meta,video,conversions,broad,692.29,5,79,1,3,0.0609,2.22,7.2
Meta,video,traffic,narrow,1196.2,2,48,1,1,0.0483,2.43,4.99
Meta,video,traffic,medium,1702.23,1,63,0,2,0.0328,1.86,2.21
Meta,carousel,awareness,broad,910.48,1,40,0,1,0.0193,1.84,0.78
Meta,video,traffic,medium,85.02,3,84,1,4,0.0514,1.72,6.04
Meta,image,conversions,broad,195.3,4,15,0,0,0.041,2.26,3.71
Meta,video,awareness,medium,1045.27,2,6,1,5,0.0427,2.05,4.58
Meta,image,traffic,narrow,1940.41,5,63,0,6,0.032,2.37,3.7
Meta,video,conversions,medium,1401.76,4,8,0,4,0.0373,2.28,3.7
Google,video,traffic,broad,188.29,3,32,0,4,0.0264,1.88,3.11
Meta,image,awareness,medium,419.25,4,45,0,4,0.0303,1.78,3.22
Meta,video,conversions,broad,1554.08,3,52,1,2,0.0475,2.79,6.03
Meta,video,conversions,broad,1690.81,1,79,0,1,0.0303,2.99,2.85
Google,video,conversions,medium,1254.5,1,82,1,5,0.036,3.27,4.5
Meta,video,conversions,narrow,1306.63,4,13,1,2,0.0528,2.56,7.07
Google,video,conversions,broad,105.26,2,24,1,0,0.038,2.32,5.0
Meta,video,traffic,medium,1665.63,5,40,0,6,0.0483,2.31,4.82
Meta,carousel,conversions,broad,1587.14,3,14,1,6,0.0441,1.94,4.72
Meta,image,awareness,medium,555.12,5,75,0,5,0.0337,1.56,4.18
Meta,image,traffic,medium,1431.92,1,70,0,6,0.0241,1.86,2.55
Google,video,traffic,broad,468.97,2,62,1,6,0.0301,2.42,3.81
Google,carousel,awareness,medium,128.64,2,89,0,4,0.0175,2.35,1.72
Google,video,conversions,medium,442.22,5,61,1,3,0.0443,2.97,7.0
Meta,video,conversions,medium,398.33,1,1,0,0,0.0304,1.39,2.91
Meta,image,traffic,medium,708.61,5,89,1,1,0.0389,1.72,5.84
Google,video,awareness,medium,865.98,4,66,0,0,0.037,1.89,3.7
Meta,video,traffic,broad,1041.65,2,32,1,2,0.0346,2.03,3.24
Meta,image,conversions,medium,979.67,2,13,1,6,0.032,2.13,5.05
Meta,carousel,awareness,medium,577.82,4,33,0,3,0.0407,1.03,2.11
Meta,image,conversions,medium,106.88,1,32,0,2,0.0207,1.79,1.54
Google,image,awareness,narrow,1229.95,2,56,1,5,0.0338,2.9,4.27
Google,carousel,awareness,narrow,821.7,3,24,0,4,0.0313,3.3,2.86
Google,video,conversions,broad,632.41,3,4,0,6,0.0233,3.05,2.66
Meta,video,traffic,broad,1740.54,1,88,0,4,0.0302,2.13,2.54
Meta,video,conversions,medium,1506.15,4,23,1,0,0.0532,2.81,4.96
Meta,image,conversions,medium,1722.64,5,29,1,4,0.0528,2.49,6.47
Meta,image,traffic,narrow,1015.22,1,21,1,4,0.0316,2.43,3.89
Meta,carousel,traffic,medium,305.32,5,30,1,5,0.0445,1.8,5.27
Google,image,awareness,medium,1407.63,1,20,1,1,0.0242,2.34,2.84
Google,image,traffic,medium,451.84,3,16,0,1,0.0213,2.88,2.19
Meta,video,conversions,medium,910.4,4,67,0,2,0.0327,1.85,4.74
Google,carousel,awareness,narrow,176.75,3,49,0,6,0.0296,3.03,1.82
Google,carousel,awareness,narrow,1659.35,4,58,1,2,0.0349,2.74,5.97
Meta,carousel,conversions,broad,295.58,5,44,1,1,0.0468,2.27,6.43
Google,video,awareness,medium,1811.04,1,25,0,0,0.0114,3.4,0.84
Meta,image,conversions,medium,1735.25,2,23,1,1,0.0267,2.46,4.2
Meta,video,awareness,narrow,955.94,2,59,0,2,0.0401,2.11,3.59
Meta,video,conversions,narrow,1501.52,4,1,1,3,0.0533,3.03,7.1
Google,video,conversions,broad,1257.92,4,15,0,6,0.0271,3.08,2.43
Meta,image,conversions,medium,1616.0,3,81,0,4,0.0354,3.03,3.4
Meta,image,traffic,medium,892.02,2,81,1,5,0.0336,1.83,3.28
Meta,video,conversions,narrow,1582.33,3,52,1,3,0.0574,2.78,6.44
Meta,video,conversions,broad,951.79,5,58,0,3,0.0392,2.12,4.64
Google,image,traffic,narrow,1884.88,2,41,0,4,0.0364,2.99,2.5
Google,video,awareness,narrow,998.43,5,44,1,1,0.047,2.81,5.72
Meta,video,conversions,medium,952.11,1,4,1,6,0.0497,2.18,4.61
Meta,image,conversions,narrow,1580.89,3,77,1,0,0.0447,2.73,6.19
Meta,carousel,conversions,narrow,1652.08,4,68,0,3,0.0327,2.7,4.72
Meta,video,conversions,medium,1131.25,2,7,1,0,0.0464,2.97,5.45
Meta,video,awareness,medium,400.61,3,46,1,5,0.0446,1.31,5.2
Meta,video,awareness,broad,962.13,4,9,1,5,0.0377,1.83,4.65
Meta,carousel,traffic,medium,1937.74,1,87,1,5,0.0274,2.26,3.52
Google,image,conversions,narrow,1518.32,2,33,0,2,0.0269,3.84,3.1
Google,image,traffic,narrow,1631.77,5,33,0,3,0.0337,3.17,2.44
Meta,video,traffic,broad,114.01,1,84,1,5,0.0216,1.46,4.1
Meta,image,awareness,medium,962.33,4,4,0,2,0.0333,1.92,3.16
Google,video,traffic,broad,1310.91,2,65,1,5,0.0295,2.77,3.83
Meta,image,traffic,narrow,1668.56,2,34,0,1,0.0213,2.32,2.48
Google,carousel,traffic,medium,146.08,1,85,0,3,0.0217,1.88,0.45
Google,image,conversions,narrow,1712.26,2,88,0,2,0.0269,3.57,2.99
Meta,carousel,awareness,medium,1119.38,4,79,1,5,0.0471,1.49,6.18
Meta,image,traffic,broad,434.76,1,64,0,6,0.0182,1.43,1.64
Google,video,traffic,broad,668.65,5,25,1,2,0.041,2.51,4.9
Meta,carousel,conversions,medium,599.76,1,55,0,5,0.0252,2.29,2.66
Meta,video,traffic,medium,1085.18,1,9,1,1,0.0394,2.36,4.14
Google,image,traffic,broad,150.79,5,17,0,0,0.0209,2.18,2.91
Meta,video,conversions,medium,359.15,4,21,0,5,0.0357,2.34,4.35
Meta,video,conversions,narrow,1634.75,3,60,1,0,0.056,2.98,6.77
Google,image,traffic,medium,308.58,3,13,0,3,0.0193,2.78,2.74
Meta,video,traffic,narrow,505.12,5,3,0,1,0.0452,2.22,5.18
Meta,image,traffic,medium,934.07,4,68,1,6,0.0434,1.48,6.32
Google,image,conversions,medium,1058.39,2,4,0,3,0.0204,2.6,1.98
Meta,video,traffic,medium,1539.04,5,7,0,6,0.0391,2.06,4.95
Google,video,conversions,medium,922.3,3,26,0,0,0.029,2.92,3.15
Google,image,conversions,narrow,1590.24,4,75,0,1,0.0352,3.38,4.32
Meta,video,conversions,medium,1255.78,1,24,0,4,0.0327,2.0,3.66
Meta,image,conversions,broad,270.54,4,10,0,1,0.0335,2.13,3.24
Meta,image,conversions,medium,354.85,4,13,1,1,0.0391,2.56,5.39
Meta,carousel,conversions,medium,902.22,3,44,0,6,0.0297,2.15,3.96
Meta,image,conversions,broad,823.93,3,39,1,4,0.04,2.42,4.48
Google,image,conversions,broad,1499.91,2,19,0,2,0.0193,3.22,2.78
Meta,image,traffic,narrow,1182.44,2,51,0,2,0.0235,1.87,2.09
Meta,video,conversions,narrow,806.86,5,19,0,2,0.0555,2.86,6.61
Google,video,conversions,broad,382.98,1,76,1,0,0.0245,2.59,4.7
Meta,carousel,awareness,broad,492.33,2,52,1,1,0.0359,1.65,3.73
Google,image,conversions,broad,1172.23,3,86,1,5,0.0247,3.05,4.16
Meta,carousel,traffic,broad,875.71,4,47,0,4,0.0374,2.03,2.75
Meta,carousel,conversions,medium,1054.11,5,30,1,5,0.0403,2.0,5.9
Google,carousel,conversions,medium,382.82,2,46,1,0,0.0398,3.03,4.32
Google,carousel,traffic,narrow,1342.67,4,76,0,4,0.0316,2.85,4.01
Google,image,traffic,narrow,1712.45,4,21,0,5,0.0272,3.06,3.93
Google,video,awareness,medium,552.98,2,75,0,6,0.0259,1.38,2.96
Google,image,traffic,medium,1008.45,1,48,1,0,0.0272,3.23,2.44
Meta,video,awareness,medium,1952.28,1,62,0,0,0.0225,2.25,2.17
Meta,image,conversions,broad,699.82,5,58,1,0,0.0379,1.98,5.69
Google,image,conversions,narrow,1210.34,1,18,0,4,0.0272,3.23,1.98
Google,image,conversions,medium,225.88,5,59,0,5,0.0215,2.72,3.22
Google,video,conversions,narrow,1231.73,3,48,0,5,0.0351,3.78,5.16
Meta,video,traffic,medium,224.78,2,63,0,3,0.0452,1.0,3.71
Meta,image,traffic,broad,1920.51,4,12,0,0,0.0202,2.03,2.05
Google,video,conversions,medium,1445.54,5,87,0,2,0.0437,3.76,5.21
Meta,carousel,awareness,broad,1586.91,1,34,1,1,0.0261,1.64,2.49
Google,video,awareness,narrow,1423.0,5,61,0,6,0.0425,3.15,3.91
Google,video,conversions,medium,1199.97,5,87,0,6,0.0413,3.82,4.34
Meta,video,conversions,medium,927.33,1,53,0,3,0.0366,2.47,4.26
Google,image,conversions,medium,1723.83,1,25,0,3,0.017,3.35,1.68
Google,image,conversions,broad,1915.83,2,62,0,4,0.0279,3.53,1.08
Meta,video,conversions,medium,1023.12,4,4,0,3,0.0371,2.19,5.03
Google,video,traffic,broad,1866.49,2,13,0,5,0.0232,3.25,1.63
Meta,image,conversions,narrow,1187.5,2,42,0,4,0.0332,2.64,2.65
Google,video,conversions,broad,1099.85,1,49,1,4,0.0274,2.54,3.95
Meta,image,awareness,narrow,936.24,1,78,0,6,0.0236,2.06,2.75
Google,image,traffic,broad,458.11,4,56,0,6,0.0208,2.15,2.6
Meta,video,awareness,medium,57.25,5,47,0,2,0.0368,1.43,5.31
Meta,video,conversions,medium,520.94,2,8,0,0,0.0462,2.08,3.43
Google,carousel,conversions,medium,1043.96,4,55,1,3,0.0358,3.47,5.05
Meta,image,traffic,broad,790.92,2,88,0,0,0.0249,1.95,1.85
Meta,image,conversions,narrow,924.55,5,18,0,0,0.0453,2.76,4.08
Google,video,conversions,medium,1962.26,2,35,1,0,0.0389,3.39,5.24
Google,image,traffic,broad,733.03,3,89,0,4,0.0127,2.2,2.24
Meta,video,traffic,medium,931.76,4,81,1,0,0.0422,1.13,6.01
Google,image,conversions,narrow,310.36,1,32,1,3,0.0314,3.33,4.35
Meta,carousel,conversions,medium,143.52,2,24,0,4,0.0201,2.28,2.44
Meta,video,conversions,medium,1562.05,4,7,0,3,0.035,2.44,3.85
Meta,video,conversions,broad,1162.83,4,13,0,4,0.0296,2.19,4.05
Google,video,conversions,broad,1533.37,2,69,0,1,0.0327,3.4,3.64
Google,video,conversions,medium,342.23,1,42,0,1,0.0291,2.88,3.64
Google,video,conversions,broad,1165.07,1,31,0,1,0.0269,3.66,2.68
Google,video,awareness,medium,544.6,2,74,1,1,0.0379,2.83,4.32
Meta,carousel,traffic,narrow,494.72,4,26,0,4,0.0378,2.34,3.77
Meta,image,traffic,narrow,72.48,1,86,1,0,0.0423,2.15,4.4
Meta,video,conversions,medium,304.16,2,76,1,2,0.0409,1.7,5.19
Meta,carousel,conversions,narrow,653.07,2,32,1,6,0.0455,2.79,5.24
Meta,video,conversions,broad,277.91,2,52,0,5,0.0347,2.2,2.88
Google,carousel,conversions,broad,1972.42,4,20,0,2,0.0204,3.57,2.64
Meta,video,conversions,narrow,651.83,1,40,1,1,0.0625,2.74,6.64
Meta,carousel,traffic,medium,304.13,4,59,1,0,0.0411,1.73,5.42
Meta,image,traffic,broad,438.21,3,77,1,3,0.0327,2.44,3.63
Google,carousel,traffic,broad,1196.02,1,14,1,0,0.0303,2.64,2.52
Google,carousel,conversions,broad,174.88,4,44,0,3,0.0316,3.13,2.73
Meta,video,awareness,medium,1731.75,1,86,0,2,0.0272,1.88,2.71
Meta,carousel,conversions,broad,1924.92,3,82,0,0,0.0297,2.81,3.81
Google,video,conversions,medium,531.16,5,48,1,0,0.0405,3.24,6.45
Meta,video,conversions,medium,927.69,2,43,0,5,0.0312,2.39,4.93
Google,video,traffic,narrow,93.16,4,16,1,2,0.0496,3.23,6.03
Google,image,awareness,narrow,1299.38,3,35,1,0,0.0382,2.82,4.5
Meta,video,conversions,medium,857.16,3,53,1,3,0.0531,2.11,6.47
Meta,image,awareness,narrow,576.61,1,34,0,6,0.0244,2.14,2.15
Google,image,awareness,narrow,453.33,1,3,0,0,0.0131,3.1,0.79
Meta,carousel,conversions,broad,1325.35,2,68,1,3,0.0413,2.45,5.27
Meta,carousel,conversions,narrow,861.62,1,5,0,1,0.0392,3.04,3.51
Google,image,conversions,medium,400.34,4,10,0,0,0.0315,2.72,3.22
Google,video,awareness,medium,1393.76,4,52,0,3,0.0302,2.38,3.55
Google,video,conversions,broad,1151.89,4,29,0,6,0.0372,3.24,4.38
Google,video,traffic,medium,1724.41,5,31,0,2,0.0511,2.79,4.46
Meta,video,conversions,narrow,279.08,4,66,1,1,0.0566,2.65,6.34
Meta,video,traffic,medium,1582.05,1,76,1,0,0.0304,1.97,4.36
Google,video,conversions,broad,1363.36,1,69,1,5,0.0301,3.11,4.08
Meta,carousel,traffic,broad,274.27,4,37,0,3,0.0311,1.56,3.47
Meta,image,awareness,medium,1404.9,3,27,1,6,0.027,1.93,4.62
Google,video,awareness,medium,911.02,3,87,1,5,0.0388,2.48,5.52
Meta,image,awareness,broad,1892.72,3,33,1,0,0.0339,2.01,3.4
Meta,video,conversions,narrow,326.14,2,68,1,3,0.0577,2.38,5.96
Meta,image,traffic,medium,1303.53,5,59,1,0,0.0476,2.15,6.01
Meta,image,conversions,medium,794.86,4,64,0,1,0.0363,2.3,3.83
Meta,image,conversions,narrow,1915.79,2,85,1,6,0.0312,3.65,4.3
Meta,image,traffic,medium,693.45,3,88,0,6,0.0296,1.76,3.3
Meta,carousel,conversions,narrow,1926.26,4,44,0,1,0.0445,2.81,4.3
Google,carousel,traffic,medium,1807.9,2,88,1,0,0.0313,3.64,4.38
Google,image,awareness,broad,577.25,1,49,0,0,0.0023,2.6,0.85
Meta,image,conversions,narrow,1616.91,3,53,0,4,0.0311,3.18,3.96
Google,image,traffic,broad,1991.43,2,74,1,0,0.0182,3.08,2.77
Meta,video,conversions,narrow,542.69,1,49,1,6,0.0369,2.75,6.16
Meta,video,conversions,medium,901.72,3,66,0,0,0.037,2.43,4.5
Google,video,conversions,narrow,1064.35,5,63,1,5,0.05,3.19,6.71
Meta,image,awareness,broad,625.12,3,25,0,5,0.0351,1.8,2.08
Google,image,awareness,broad,79.77,5,4,0,1,0.0222,1.93,2.54
Meta,video,awareness,medium,479.25,5,51,0,5,0.0455,1.59,4.09
Google,carousel,awareness,broad,599.78,5,11,0,0,0.0182,2.26,2.99
Meta,carousel,conversions,medium,915.02,4,17,0,2,0.0323,2.38,2.86
Google,image,conversions,broad,383.65,4,66,0,0,0.0245,3.02,3.08
Meta,image,traffic,broad,1752.85,5,70,1,6,0.0335,2.17,5.23
Google,carousel,conversions,broad,1424.58,1,73,1,4,0.0259,3.31,3.63
Meta,video,conversions,medium,216.14,5,69,1,3,0.0519,1.88,6.69
Meta,carousel,conversions,narrow,1317.68,2,84,1,6,0.0438,2.72,5.83
Google,video,traffic,medium,1324.63,5,29,0,1,0.0433,2.97,3.39
Meta,carousel,traffic,narrow,1914.63,4,85,1,5,0.0489,2.79,5.58
Google,video,conversions,medium,55.89,4,73,1,2,0.0474,2.47,6.48
Google,carousel,conversions,medium,533.47,2,72,0,6,0.0267,2.5,3.07
Meta,carousel,traffic,medium,1859.19,2,20,0,3,0.0281,1.84,1.87
Google,video,traffic,narrow,1867.66,3,27,1,2,0.0436,3.57,5.51
Meta,image,conversions,narrow,1455.14,1,8,1,1,0.0374,3.2,4.5
Google,carousel,traffic,medium,1543.24,1,85,1,5,0.0278,2.49,3.6
Meta,image,conversions,broad,228.39,1,61,0,4,0.0258,2.16,3.19
Meta,carousel,conversions,medium,1052.06,4,28,0,6,0.0406,2.87,4.45
Google,image,traffic,medium,501.59,1,87,0,6,0.0128,2.58,1.98
Google,video,traffic,broad,403.38,3,70,1,6,0.0388,2.85,4.49
Meta,video,conversions,medium,1630.09,3,3,0,1,0.036,2.79,4.28
Google,video,traffic,narrow,313.32,1,69,0,2,0.0282,2.52,2.85
Meta,carousel,traffic,medium,963.87,2,73,0,2,0.0226,1.73,1.81
Meta,video,traffic,narrow,1880.23,3,7,1,1,0.0481,2.47,5.56
Meta,image,traffic,broad,412.37,2,60,0,6,0.0257,1.65,2.24
Meta,image,traffic,narrow,1957.09,4,4,0,0,0.0345,2.76,3.65
Meta,image,conversions,medium,1988.86,3,5,1,1,0.0397,2.72,4.81
Meta,carousel,conversions,narrow,1133.45,2,11,1,5,0.0378,1.86,4.76
Google,carousel,conversions,narrow,381.78,1,15,0,5,0.0255,2.92,2.84
Google,image,conversions,broad,666.4,4,64,0,4,0.0228,2.34,2.59
Google,carousel,traffic,narrow,877.76,5,13,1,1,0.0409,3.02,5.82
Meta,carousel,traffic,narrow,653.18,5,7,0,3,0.0401,2.17,3.89
Meta,image,conversions,medium,597.24,1,6,1,5,0.0309,2.26,4.12
Google,carousel,conversions,narrow,1945.85,4,56,1,5,0.0464,3.5,6.02
Google,video,conversions,narrow,349.06,4,64,0,5,0.0416,3.51,5.08
Meta,video,conversions,broad,1479.99,4,50,1,0,0.0422,2.66,5.19
Google,carousel,traffic,broad,50.8,4,30,1,3,0.031,1.94,4.41
Google,image,conversions,broad,1212.56,5,22,0,6,0.0274,2.72,3.58
Google,carousel,traffic,broad,1836.09,2,25,0,6,0.0229,2.85,1.01
Google,carousel,awareness,medium,611.47,4,28,1,1,0.0373,3.02,3.82
Google,video,conversions,narrow,411.78,2,84,0,0,0.0317,3.83,3.67
Meta,carousel,conversions,broad,1320.78,4,39,1,5,0.044,2.57,4.63
Google,image,conversions,broad,1439.57,3,67,1,6,0.0395,3.01,5.42
Google,image,traffic,broad,1391.66,3,5,0,3,0.0216,2.98,2.31
Meta,image,traffic,medium,672.67,3,65,1,6,0.0377,1.57,4.83
Meta,carousel,conversions,narrow,541.79,4,15,1,3,0.0546,2.33,6.1
Meta,video,traffic,broad,1914.04,2,67,0,0,0.0342,1.43,2.87
Google,image,awareness,broad,1850.43,5,40,0,6,0.0284,2.89,3.09
Google,image,conversions,broad,941.77,1,69,1,5,0.0278,2.89,4.44
Meta,image,conversions,narrow,1700.08,5,77,0,0,0.0463,2.94,4.88
Meta,image,awareness,narrow,932.03,4,43,0,2,0.0286,1.49,3.15
Meta,video,traffic,narrow,877.56,3,1,1,5,0.0415,2.21,6.07
Google,video,awareness,broad,355.69,3,22,1,0,0.0358,1.68,3.41
Google,video,traffic,narrow,881.49,2,62,1,1,0.0413,3.29,4.21
Google,carousel,awareness,narrow,1097.96,4,79,0,6,0.0293,3.19,3.16
Meta,video,conversions,broad,93.88,5,26,0,5,0.0441,1.94,4.06
Meta,video,traffic,narrow,916.02,4,18,0,4,0.0327,2.34,4.64
Meta,carousel,awareness,broad,1573.64,4,48,1,5,0.0353,1.68,4.97
Meta,video,traffic,medium,1376.09,3,9,1,2,0.0406,1.93,4.59
Google,carousel,conversions,broad,1288.56,5,1,0,0,0.0218,3.42,3.7
Google,image,conversions,medium,1823.63,1,9,0,4,0.0255,2.42,2.8
Google,carousel,conversions,broad,85.16,3,23,1,2,0.0272,2.69,4.08
Google,video,conversions,broad,1136.24,5,45,0,1,0.0321,3.13,3.94
Meta,video,conversions,narrow,1585.33,2,2,0,5,0.0445,2.82,5.27
Google,image,traffic,narrow,1105.6,3,14,1,6,0.0392,3.47,4.53
Google,carousel,traffic,narrow,681.6,2,38,0,4,0.0205,2.57,2.33
Google,image,conversions,medium,315.69,3,40,1,6,0.0374,2.71,5.41
Meta,video,traffic,broad,1780.75,4,63,1,0,0.0444,1.46,5.6
Meta,carousel,conversions,medium,967.99,5,82,0,0,0.0497,2.74,4.55
Meta,carousel,conversions,medium,1762.32,2,16,0,1,0.031,2.45,2.96
Google,image,conversions,narrow,1192.41,3,75,0,2,0.0293,3.43,4.14
Google,carousel,traffic,broad,1364.67,2,6,1,4,0.0227,2.69,1.75
Meta,carousel,conversions,broad,1618.31,3,3,0,1,0.0253,2.68,2.64
Google,image,conversions,narrow,1335.35,3,14,1,2,0.0359,3.7,5.55
Google,video,conversions,medium,826.21,1,66,1,3,0.0429,3.84,4.3
Meta,image,awareness,narrow,1051.59,1,75,1,3,0.0351,2.35,4.92
Meta,video,conversions,medium,1615.94,1,86,0,2,0.0338,2.35,4.29
Google,image,traffic,medium,778.62,2,67,1,0,0.0346,2.37,3.66
Meta,image,traffic,narrow,806.84,4,31,1,0,0.0322,2.02,4.83
Google,video,traffic,medium,236.6,3,33,0,3,0.0344,1.92,2.94
Meta,video,awareness,medium,1833.44,5,88,0,0,0.0393,2.06,5.89
Google,video,conversions,medium,227.52,1,1,0,6,0.0282,3.1,3.49
Meta,carousel,conversions,medium,1314.01,2,44,0,0,0.0249,2.21,3.06
Meta,carousel,awareness,narrow,855.73,2,15,1,2,0.0372,1.91,4.04
Google,video,conversions,broad,840.96,2,37,0,5,0.0284,3.51,2.83
Meta,carousel,traffic,broad,1375.13,5,27,1,2,0.0529,1.48,5.33
Meta,image,traffic,medium,180.83,5,48,1,0,0.046,0.93,4.98
Meta,video,traffic,narrow,1207.73,1,27,1,2,0.0493,1.92,4.89
Google,video,awareness,broad,1555.46,5,12,1,4,0.04,2.3,5.67
Google,image,awareness,broad,1665.01,1,67,0,3,0.008,2.92,0.1
Google,carousel,traffic,narrow,382.53,5,30,1,5,0.0411,2.71,5.66
Meta,image,conversions,medium,1799.97,5,87,0,4,0.0326,2.47,5.23
Meta,video,awareness,narrow,1329.48,5,66,0,4,0.0347,2.64,4.45
Meta,video,conversions,medium,1769.62,1,7,0,0,0.0274,2.32,3.87
Meta,image,conversions,narrow,996.3,3,34,1,0,0.0422,2.93,5.2
Meta,video,awareness,medium,1106.97,1,32,1,4,0.0361,2.29,4.26
Meta,video,conversions,medium,1842.12,3,39,0,4,0.0377,2.42,4.03
Meta,video,conversions,medium,1804.82,2,43,0,1,0.0358,2.76,3.55
Google,carousel,conversions,medium,923.91,2,43,1,1,0.0339,3.0,3.91
Meta,carousel,awareness,medium,585.1,1,78,0,6,0.0191,1.95,2.27
Meta,image,traffic,medium,816.68,3,3,0,3,0.0152,1.27,2.79
Google,carousel,traffic,narrow,806.14,3,46,1,4,0.0361,2.45,4.46
Meta,video,conversions,narrow,609.39,3,32,0,2,0.0381,2.47,3.97
Google,image,traffic,broad,573.73,2,43,0,5,0.0163,2.21,1.63
Google,video,traffic,narrow,1729.07,1,81,0,1,0.0325,3.06,3.0
Google,image,conversions,broad,186.23,4,3,0,0,0.0287,2.79,2.82
Meta,carousel,conversions,broad,1371.34,3,74,0,4,0.0328,2.63,4.27
Google,image,conversions,narrow,387.0,3,63,0,2,0.0293,3.19,2.82
Meta,video,awareness,medium,721.79,4,40,0,5,0.0334,1.47,2.79
Meta,image,traffic,medium,170.01,1,18,0,2,0.0153,1.45,1.25
Meta,video,awareness,broad,576.45,3,67,1,6,0.0325,1.44,5.19
Google,carousel,conversions,broad,1548.42,1,62,1,2,0.033,2.98,3.08
Meta,image,traffic,broad,1775.78,3,10,0,0,0.0211,1.55,1.68
Meta,image,traffic,narrow,481.98,5,52,1,1,0.0408,2.07,6.27
Google,image,traffic,medium,953.92,3,73,0,2,0.0159,2.42,2.47
Meta,image,awareness,medium,967.13,5,46,0,5,0.0267,2.08,3.66
Meta,video,conversions,medium,1753.47,1,55,0,1,0.0312,2.09,3.8
Meta,image,conversions,narrow,1537.46,3,46,0,6,0.0403,2.7,3.91
Meta,video,traffic,narrow,1050.5,2,75,1,6,0.0443,2.76,5.06
Meta,image,traffic,broad,1357.96,2,60,0,3,0.0077,1.63,2.17
Meta,carousel,traffic,medium,1702.34,4,26,0,0,0.0301,1.94,2.39
Google,carousel,conversions,medium,68.6,2,27,1,1,0.0332,2.46,3.15
Meta,image,traffic,medium,835.64,5,38,0,6,0.0299,1.35,3.42
Meta,image,conversions,broad,1819.12,2,22,0,6,0.0199,3.01,2.78
Google,video,conversions,broad,1493.61,2,26,0,1,0.0271,3.3,2.85
Meta,carousel,traffic,narrow,1108.54,2,86,0,2,0.0313,2.27,3.48
Google,video,traffic,narrow,1082.81,3,69,0,5,0.0339,2.52,2.65
Meta,image,conversions,narrow,728.15,4,35,0,2,0.0401,2.73,4.61
Meta,video,conversions,broad,1065.02,1,66,0,5,0.0259,2.67,3.28
Meta,video,conversions,medium,1328.0,4,73,0,6,0.0376,2.74,4.03
Meta,image,conversions,medium,865.81,5,51,1,6,0.0519,2.46,6.66
Meta,video,traffic,medium,1442.6,3,18,1,0,0.0458,1.59,5.04
Meta,image,awareness,medium,1729.4,3,43,1,1,0.0391,2.11,5.93
Meta,video,conversions,broad,351.64,2,12,1,4,0.0471,2.31,3.96
Meta,video,traffic,medium,930.52,2,3,1,6,0.0426,1.24,5.31
Meta,image,awareness,narrow,845.64,5,82,1,5,0.0516,1.82,6.03
Meta,video,awareness,narrow,1390.56,3,7,1,5,0.0411,2.58,4.44
Meta,video,conversions,medium,537.24,1,6,0,2,0.032,2.42,2.83
Meta,image,awareness,broad,1298.49,4,82,1,2,0.0341,1.42,4.89
Google,video,conversions,medium,1761.1,3,45,0,6,0.0404,3.57,4.26
Meta,carousel,conversions,broad,865.36,1,86,1,6,0.0376,2.29,5.13
Google,video,conversions,broad,1826.48,1,39,0,3,0.0198,3.58,2.91
Google,video,conversions,narrow,1986.67,4,51,1,5,0.0529,3.61,5.94
Meta,image,conversions,narrow,256.88,1,9,0,0,0.0298,2.67,3.48
Google,video,conversions,narrow,504.45,5,23,0,1,0.0463,3.6,5.23
Google,video,conversions,broad,1903.24,1,12,0,1,0.0179,3.27,1.74
Meta,video,awareness,narrow,1918.74,5,88,0,1,0.0468,2.48,5.02
Meta,video,awareness,medium,240.53,1,62,0,5,0.0259,1.38,2.33
Google,carousel,conversions,medium,79.25,2,73,0,2,0.0254,3.32,2.67
Google,video,awareness,broad,364.15,1,77,0,0,0.0154,2.37,1.4
Meta,carousel,awareness,narrow,1992.22,5,40,0,1,0.0371,2.22,3.61
Meta,carousel,traffic,medium,401.0,1,54,1,5,0.0379,1.41,4.02
Meta,image,conversions,medium,1029.97,1,81,0,4,0.0177,2.35,2.95
Meta,carousel,traffic,medium,1704.41,1,7,0,6,0.0171,2.24,1.34
Google,video,awareness,broad,89.78,5,17,1,3,0.0407,1.93,5.81
Meta,carousel,traffic,narrow,1228.75,1,50,0,3,0.0241,2.82,2.07
Meta,video,conversions,broad,590.2,4,24,0,1,0.0326,2.27,3.98
Google,image,traffic,medium,1731.55,4,2,0,2,0.0235,2.96,2.62
Meta,image,traffic,medium,602.75,5,83,1,3,0.0335,1.65,5.33
Meta,video,traffic,medium,1389.17,2,33,0,3,0.025,1.92,2.84
Google,image,conversions,medium,1364.73,4,21,0,3,0.0373,3.16,2.17
Google,image,conversions,narrow,481.91,3,74,1,3,0.0423,3.65,5.34
Meta,video,awareness,medium,117.86,4,53,0,1,0.0323,1.53,3.02
Meta,video,awareness,medium,848.04,3,46,1,5,0.0451,1.98,4.55
Meta,image,conversions,medium,613.93,5,45,0,0,0.0378,2.05,3.83
Meta,image,awareness,medium,1627.51,2,9,0,0,0.027,2.05,1.56
Meta,carousel,conversions,broad,1610.71,3,6,1,2,0.0384,2.24,4.38
Meta,carousel,traffic,medium,941.2,3,51,0,5,0.0329,2.15,2.57
Meta,carousel,traffic,narrow,1232.7,4,35,1,6,0.0368,2.02,5.56
Meta,image,awareness,medium,1228.31,3,82,1,4,0.0297,1.77,4.61
Meta,video,awareness,broad,1662.96,5,53,0,0,0.0368,1.9,3.1
Meta,video,conversions,broad,878.75,5,19,1,4,0.0516,2.16,6.45
Meta,carousel,awareness,medium,587.12,5,69,0,0,0.0294,1.89,3.85
Meta,image,conversions,broad,566.82,4,25,1,0,0.0403,2.08,5.07
Meta,video,traffic,narrow,1095.57,2,11,0,2,0.0329,2.65,3.16
Google,video,traffic,medium,925.84,4,74,0,3,0.0296,2.33,3.63
Meta,carousel,traffic,broad,908.24,5,17,0,2,0.0361,1.82,3.63
Google,image,conversions,broad,227.72,4,36,0,0,0.0285,2.64,2.36
Google,image,awareness,medium,1451.28,5,21,0,5,0.021,2.86,2.64
Meta,image,conversions,broad,466.79,1,18,1,3,0.0247,2.14,4.42
Meta,video,conversions,narrow,434.06,1,60,1,5,0.0449,2.48,6.34
Meta,video,traffic,broad,854.88,3,18,0,5,0.0299,2.11,3.3
Meta,video,conversions,medium,494.17,2,1,0,5,0.0307,1.95,3.8
Google,video,awareness,narrow,1188.52,1,14,1,3,0.0432,3.23,4.92
Meta,carousel,conversions,narrow,774.35,5,8,0,5,0.0457,2.4,5.84
Meta,image,conversions,medium,925.38,4,66,0,3,0.034,2.31,4.02
Meta,carousel,awareness,narrow,1097.48,4,51,0,4,0.0307,1.87,3.24
Meta,carousel,traffic,medium,446.89,3,79,0,6,0.0338,1.44,2.99
Google,video,conversions,narrow,353.72,4,60,0,0,0.0269,3.28,6.06
Meta,image,traffic,narrow,1766.82,1,34,1,1,0.0392,2.97,3.09
Meta,image,traffic,medium,895.76,4,36,1,5,0.0427,1.8,4.66
Google,carousel,traffic,medium,853.58,1,62,0,2,0.0148,3.05,0.52
Google,video,conversions,medium,119.44,1,1,1,4,0.0424,2.9,4.43
Meta,image,awareness,broad,1021.05,2,85,0,2,0.0187,1.69,1.51
Meta,image,awareness,broad,1130.63,3,42,0,1,0.0223,2.3,2.17
Meta,video,traffic,broad,1139.74,5,1,0,3,0.0377,1.97,2.79
Meta,video,conversions,medium,1428.71,1,84,0,1,0.0469,2.24,4.17
Meta,image,awareness,broad,396.09,3,54,0,2,0.0287,1.76,3.13
Meta,image,traffic,narrow,541.84,5,47,0,1,0.0405,1.97,4.08
Meta,video,traffic,narrow,1630.92,4,39,0,0,0.0374,1.79,4.34
Meta,image,conversions,medium,1896.98,3,30,0,1,0.0297,2.85,3.21
Google,video,awareness,broad,315.07,3,7,1,5,0.0309,2.72,4.0
Meta,image,traffic,narrow,1020.42,3,22,1,0,0.0451,2.76,4.75
Meta,video,conversions,narrow,467.64,4,50,0,5,0.0467,2.67,5.66
Meta,carousel,conversions,narrow,167.14,4,45,1,6,0.0454,2.38,6.8
Google,video,awareness,broad,684.73,3,74,1,6,0.0354,2.76,3.96
Meta,video,conversions,medium,330.19,2,72,1,1,0.0398,2.35,5.37
Meta,video,awareness,narrow,1434.37,1,10,0,0,0.0338,2.82,3.22
Google,video,traffic,medium,1090.76,4,14,0,0,0.0267,2.61,2.38
Google,image,traffic,medium,330.48,2,46,1,6,0.0271,2.35,2.44
Google,video,conversions,medium,68.02,4,75,0,1,0.0388,2.61,4.58
Meta,carousel,conversions,narrow,1625.91,3,6,0,4,0.0377,3.05,4.03
Meta,video,awareness,broad,393.58,2,21,0,3,0.025,1.15,2.23
Google,video,conversions,medium,1232.12,5,62,1,3,0.049,3.4,6.05
Google,video,traffic,medium,707.0,1,19,1,3,0.0355,2.69,3.2
Meta,video,conversions,narrow,1191.7,1,88,0,0,0.0315,2.93,3.5
Meta,video,conversions,medium,665.52,4,82,0,6,0.0413,2.24,5.28
Meta,image,conversions,medium,219.53,1,62,1,3,0.0396,2.53,3.84
Google,image,traffic,medium,484.75,5,83,0,6,0.0289,2.71,3.16
Meta,image,awareness,narrow,416.71,2,53,0,0,0.0283,1.84,2.44
Meta,image,conversions,broad,884.64,2,24,0,6,0.0262,2.09,1.91
Meta,image,conversions,narrow,1333.65,3,56,1,4,0.0473,2.54,6.28
Meta,video,conversions,medium,564.42,2,62,1,1,0.0478,2.33,5.37
Meta,image,traffic,broad,73.54,4,34,1,6,0.0249,1.22,4.44
Meta,carousel,conversions,medium,1061.93,5,22,0,6,0.0302,2.64,3.34
Google,image,awareness,broad,1231.23,3,68,0,1,0.022,3.07,1.53
Meta,image,traffic,medium,1927.6,4,57,0,0,0.0205,1.81,3.44
Meta,video,traffic,medium,1199.47,4,10,1,0,0.048,1.8,6.75
Meta,carousel,conversions,broad,968.79,4,66,0,6,0.0302,2.3,2.72
Meta,carousel,awareness,narrow,1168.13,1,8,0,4,0.023,2.52,1.9
Meta,image,conversions,medium,1859.41,4,38,1,3,0.0437,3.04,5.68
Meta,carousel,conversions,broad,1665.34,1,62,0,4,0.024,1.99,2.12
Meta,video,traffic,medium,679.81,2,28,0,1,0.0406,1.61,3.57
Meta,video,traffic,medium,512.65,1,10,1,1,0.0339,1.57,3.58
Meta,carousel,conversions,medium,562.14,4,45,0,5,0.0422,1.75,4.32
Google,carousel,conversions,broad,1033.62,5,65,0,3,0.0318,2.96,3.44
Meta,video,traffic,broad,1500.9,5,67,0,6,0.0327,2.08,4.62
Google,video,conversions,medium,1031.28,2,9,0,1,0.033,3.03,2.77
Meta,video,awareness,medium,182.2,4,5,0,5,0.0388,1.09,3.71
Google,video,traffic,broad,1460.98,1,10,1,0,0.0292,3.6,3.39
Google,carousel,conversions,narrow,1621.64,5,12,0,1,0.0403,3.77,3.71
Meta,image,conversions,narrow,614.52,3,82,1,2,0.042,2.62,5.91
Meta,video,conversions,broad,1345.05,4,58,0,3,0.0329,2.07,3.45
Meta,video,traffic,broad,881.85,4,21,0,5,0.0368,1.84,2.94
Meta,video,traffic,broad,1783.78,3,21,0,3,0.0289,1.99,3.09
Google,video,conversions,medium,1698.19,5,65,1,3,0.0476,2.74,5.97
Google,image,traffic,narrow,1074.59,3,3,0,2,0.0274,2.7,2.25
Google,carousel,awareness,medium,1398.44,2,69,1,4,0.0313,2.96,3.76
Meta,carousel,conversions,narrow,1772.53,1,89,1,0,0.0349,3.51,4.5
Google,video,awareness,narrow,1016.65,1,64,1,3,0.0444,3.12,4.83
Google,carousel,conversions,broad,660.84,5,49,1,1,0.0406,3.33,5.33
Meta,carousel,conversions,narrow,1519.65,3,72,0,0,0.037,2.81,4.4
Meta,carousel,conversions,broad,479.13,4,17,1,1,0.0442,2.12,5.87
Google,image,conversions,medium,807.64,4,73,1,0,0.0382,3.37,5.36
Meta,video,conversions,medium,1738.17,4,32,1,6,0.0538,3.02,7.02
Google,video,conversions,narrow,1462.62,2,70,0,0,0.0377,4.03,4.29
Meta,video,awareness,medium,837.43,2,21,1,5,0.0436,1.43,4.44
Google,video,awareness,narrow,468.75,4,7,0,1,0.0438,2.82,4.5
Meta,video,traffic,broad,744.14,5,7,0,1,0.0404,1.81,4.02
Meta,image,conversions,broad,604.0,2,27,1,6,0.0322,2.1,4.08
Meta,image,conversions,medium,393.37,2,8,1,0,0.0304,2.23,4.54
Google,image,conversions,narrow,1499.5,1,73,0,3,0.0323,3.9,3.33
Google,video,traffic,broad,541.54,1,28,1,1,0.0278,2.76,3.39
Meta,carousel,awareness,medium,935.63,5,79,0,6,0.0316,2.29,4.63
Meta,carousel,conversions,narrow,802.43,2,66,0,2,0.0263,2.54,4.13
Google,carousel,conversions,medium,1965.05,2,71,0,2,0.0257,2.98,2.97
Meta,carousel,traffic,broad,812.63,3,47,0,0,0.0257,1.85,1.89
Google,image,conversions,narrow,205.97,5,82,1,4,0.0384,3.83,5.97
Meta,carousel,conversions,narrow,225.16,5,86,0,0,0.0463,2.32,5.37
Meta,video,traffic,broad,1201.97,3,10,0,6,0.0275,2.07,3.14
Meta,video,traffic,narrow,1218.76,3,33,0,0,0.0525,2.47,4.46
Meta,video,conversions,narrow,866.58,1,7,0,3,0.0342,2.72,3.66
Google,video,conversions,medium,892.1,5,3,1,3,0.0458,3.07,6.08
Meta,video,awareness,broad,155.17,5,14,0,5,0.0316,1.27,4.22
Meta,image,conversions,medium,1057.27,3,44,0,6,0.0354,1.63,3.3
Google,carousel,conversions,broad,1034.24,4,46,1,4,0.0351,2.78,5.65
Meta,image,conversions,medium,341.62,4,61,0,6,0.0284,1.99,2.99
Meta,video,conversions,narrow,252.49,1,36,1,6,0.0505,2.8,6.28
Google,carousel,conversions,broad,290.97,4,13,0,4,0.0201,2.86,2.78
Google,image,awareness,medium,247.01,4,16,0,6,0.0261,2.22,3.07
Meta,video,conversions,narrow,1238.93,4,80,1,4,0.0649,2.5,7.52
Google,image,conversions,medium,433.14,2,5,1,4,0.0338,3.13,4.15
Google,video,traffic,medium,540.29,1,89,0,4,0.0252,2.87,2.5
Meta,video,traffic,narrow,388.47,3,38,1,6,0.0534,2.34,6.12
Meta,carousel,awareness,narrow,1917.78,4,50,1,6,0.0555,2.66,5.39
Google,video,awareness,medium,1716.5,2,38,0,0,0.031,2.37,3.08
Google,image,conversions,broad,499.46,4,56,0,6,0.0262,2.84,2.62
Meta,carousel,traffic,medium,688.75,2,63,0,0,0.0295,2.29,2.38
Google,image,conversions,broad,459.29,1,48,0,5,0.0106,3.27,1.94
Google,video,awareness,narrow,1009.16,4,59,0,2,0.0409,2.54,4.63
Meta,video,conversions,narrow,88.24,2,77,1,2,0.045,2.41,6.38
Meta,video,awareness,narrow,1359.17,5,44,0,5,0.0432,2.42,4.63
Meta,image,traffic,narrow,1070.16,5,55,1,5,0.0316,1.99,6.09
Google,image,conversions,narrow,1802.35,2,55,0,1,0.029,3.05,2.84
Meta,video,traffic,broad,370.57,4,1,0,0,0.0298,1.64,4.15
Meta,carousel,awareness,broad,1618.01,4,8,1,4,0.0436,1.75,4.42
Google,image,awareness,broad,1594.32,1,4,0,1,0.013,2.54,0.1
Google,video,conversions,narrow,298.0,1,85,0,3,0.0376,3.18,3.09
Meta,image,traffic,broad,827.19,3,86,0,0,0.0166,1.71,2.49
Google,image,conversions,medium,381.8,1,53,1,6,0.0332,2.91,3.95
Meta,video,conversions,narrow,546.7,4,58,0,5,0.0565,2.3,6.58
Google,video,conversions,broad,563.33,3,37,0,2,0.0328,2.9,2.86
Meta,carousel,conversions,medium,1134.66,1,49,1,0,0.04,1.81,4.53
Meta,image,awareness,narrow,852.25,2,67,1,5,0.0388,2.25,4.07
Google,image,conversions,medium,1898.08,5,19,0,0,0.0274,2.51,3.5
Meta,image,awareness,narrow,296.42,1,1,0,6,0.0288,1.9,3.04
Meta,video,conversions,broad,1948.7,1,29,1,0,0.0305,2.86,3.73
Google,video,conversions,medium,499.75,2,87,1,6,0.0369,2.63,5.49
Google,image,conversions,broad,1557.1,4,33,0,0,0.0151,3.48,2.89
Google,video,conversions,narrow,710.99,2,52,0,3,0.0315,3.76,3.65
Google,video,conversions,medium,329.01,1,41,1,2,0.0392,1.91,4.99
Meta,carousel,conversions,medium,1722.88,4,23,1,0,0.0475,2.47,5.0
Meta,carousel,traffic,medium,652.28,3,5,1,5,0.0383,0.83,5.25
Meta,carousel,conversions,medium,1334.77,1,71,0,3,0.0269,2.36,3.72
Meta,carousel,conversions,broad,1154.57,2,57,0,1,0.0166,2.34,2.6
Google,video,conversions,broad,969.92,3,6,1,0,0.0371,2.35,6.12
Meta,carousel,awareness,broad,1016.85,5,49,0,6,0.0276,2.38,2.95
Meta,video,awareness,broad,1477.86,3,22,0,3,0.0267,2.03,3.05
Meta,carousel,conversions,broad,221.16,2,77,0,4,0.029,1.81,3.76
Google,carousel,conversions,medium,1352.95,3,76,0,1,0.0227,3.65,2.72
Meta,image,conversions,broad,1796.83,2,4,0,2,0.02,2.0,1.73
Meta,carousel,awareness,medium,162.69,1,72,1,0,0.0216,1.18,2.79
Meta,image,conversions,medium,324.27,4,64,1,0,0.0405,1.41,6.92
Google,video,conversions,medium,1447.43,5,37,1,3,0.0426,3.77,5.74
Meta,image,conversions,medium,902.7,4,31,1,2,0.0424,2.37,5.45
Google,image,conversions,narrow,836.92,4,37,0,4,0.0282,3.65,3.18
Google,video,conversions,broad,317.08,4,45,0,1,0.0325,2.99,4.28
Meta,image,traffic,medium,1038.2,2,8,0,5,0.0213,1.98,1.58
Google,carousel,conversions,narrow,296.76,2,40,0,2,0.0384,3.31,2.98
Google,video,traffic,medium,979.41,5,5,1,0,0.0465,2.68,5.47
Google,carousel,conversions,narrow,1539.05,2,28,0,3,0.0208,3.69,2.2
Meta,carousel,conversions,narrow,553.62,2,81,0,4,0.0287,2.38,3.66
Meta,carousel,awareness,narrow,987.53,2,87,0,3,0.0313,2.18,3.77
Google,carousel,conversions,medium,1984.43,2,9,0,1,0.0194,3.48,2.36
Meta,image,awareness,medium,1388.97,1,2,1,6,0.0142,1.95,2.97
Google,carousel,traffic,broad,1690.65,5,63,0,6,0.0327,2.36,3.14
Google,carousel,conversions,broad,858.95,2,51,0,2,0.0246,2.65,2.15
Google,video,awareness,medium,1547.33,5,31,0,3,0.0366,3.09,4.68
Meta,image,conversions,medium,128.99,3,7,1,5,0.036,1.95,4.56
Meta,image,awareness,medium,289.68,1,30,0,5,0.0211,1.76,1.84
Google,video,conversions,broad,445.99,2,58,0,6,0.0225,2.61,3.01
Google,image,awareness,narrow,833.81,1,3,0,6,0.021,2.51,2.14
Meta,image,conversions,narrow,1699.2,1,51,0,3,0.0244,2.66,3.59
Google,video,traffic,broad,725.22,3,56,0,0,0.0326,2.45,2.76
Google,image,traffic,medium,1326.51,5,73,1,3,0.0281,2.5,4.91
Meta,carousel,awareness,narrow,1433.16,1,10,1,4,0.0442,2.72,4.06
Meta,image,awareness,narrow,1193.06,4,61,1,2,0.0442,2.31,4.32
Meta,video,awareness,broad,746.62,3,50,0,1,0.0276,2.28,2.18
Meta,video,awareness,broad,1175.25,4,47,0,5,0.0338,1.97,3.24
Meta,video,conversions,broad,717.42,3,1,0,3,0.0377,1.49,3.58
Google,carousel,conversions,medium,213.55,4,57,0,4,0.0368,3.18,3.02
Meta,video,conversions,medium,1985.97,4,38,0,6,0.0416,2.14,5.09
Meta,image,conversions,broad,298.01,1,62,0,5,0.0155,2.16,2.22
Meta,video,conversions,broad,191.08,1,79,1,5,0.0383,1.82,4.83
Meta,video,traffic,narrow,1763.13,3,89,1,1,0.0581,3.07,5.31
Google,carousel,conversions,broad,638.58,5,70,1,5,0.0467,3.42,5.42
Meta,image,traffic,narrow,1318.08,1,82,1,4,0.0395,2.07,3.02
Meta,video,conversions,narrow,691.56,1,65,0,5,0.041,2.57,3.99
Google,image,conversions,medium,813.34,2,62,0,5,0.0245,3.12,2.64
Meta,video,traffic,medium,561.12,1,56,0,3,0.0328,1.93,2.8
Meta,image,traffic,broad,718.94,5,67,0,3,0.0257,1.72,2.56
Meta,image,traffic,narrow,850.87,2,17,0,6,0.0212,1.85,2.66
Meta,video,traffic,medium,1454.81,4,8,0,2,0.0363,1.72,3.21
Meta,video,conversions,broad,1047.5,4,60,0,0,0.0329,2.31,3.92
Meta,video,traffic,broad,1889.95,2,40,1,4,0.0317,2.44,4.43
Meta,carousel,conversions,narrow,131.67,2,81,1,0,0.0414,2.57,6.47
Google,carousel,conversions,medium,1030.98,2,89,0,0,0.0364,2.88,3.07
Meta,video,conversions,medium,1189.24,3,62,0,5,0.0377,2.55,3.88
Meta,carousel,conversions,narrow,1844.38,5,41,0,6,0.0458,2.84,5.07
Google,video,conversions,broad,145.86,5,12,1,1,0.0389,3.11,6.09
Meta,video,awareness,broad,1168.32,4,89,0,1,0.0238,2.61,3.76
Google,carousel,awareness,narrow,1714.58,4,54,1,5,0.0379,3.11,6.21
Meta,carousel,conversions,narrow,521.76,4,89,0,6,0.0482,2.8,4.54
Google,carousel,conversions,narrow,1758.77,1,11,0,4,0.0287,3.5,2.56
Meta,image,conversions,broad,87.13,4,60,0,0,0.032,1.99,4.55
Meta,video,conversions,narrow,1478.29,2,68,0,2,0.0437,2.85,5.22
Meta,carousel,awareness,medium,1869.57,4,78,0,6,0.028,2.0,2.32
Google,video,conversions,medium,1331.54,2,46,1,0,0.0459,3.94,4.89
Meta,image,traffic,medium,906.11,3,38,0,1,0.0218,1.68,3.35
Meta,video,conversions,narrow,137.52,1,61,0,0,0.044,2.62,5.54
Meta,image,awareness,narrow,1844.22,1,17,1,3,0.0372,1.87,4.32
Google,video,conversions,broad,967.08,5,66,0,3,0.0261,3.22,3.96
Meta,video,traffic,broad,106.54,3,72,0,2,0.0263,1.87,2.65
Google,carousel,conversions,broad,1395.15,2,36,0,4,0.0121,3.06,3.04
Meta,video,traffic,narrow,989.58,3,74,1,0,0.0548,1.44,6.48
Meta,image,conversions,medium,292.47,1,7,1,3,0.0329,2.08,3.66
Meta,video,conversions,medium,467.83,2,16,0,4,0.0229,2.15,3.32
Meta,video,awareness,narrow,175.76,3,14,1,6,0.0509,2.17,5.72
Meta,video,awareness,broad,1169.87,1,80,1,6,0.0313,2.45,4.15
Meta,video,awareness,medium,1262.96,2,25,0,3,0.0226,1.76,2.29
Google,carousel,traffic,narrow,1036.2,2,4,1,4,0.0444,2.75,3.65
Meta,video,awareness,broad,1643.35,1,29,0,4,0.0245,1.64,1.3
Meta,carousel,conversions,broad,1728.97,2,56,1,3,0.0345,2.58,4.91
Meta,image,conversions,narrow,1250.47,1,6,0,5,0.027,2.92,2.62
Meta,image,conversions,medium,74.88,4,1,1,1,0.0344,1.86,5.56
Meta,image,traffic,medium,1405.7,4,39,0,4,0.0215,2.16,3.63
Meta,image,conversions,medium,865.1,2,1,1,6,0.0424,2.4,4.68
Meta,carousel,conversions,narrow,1152.84,2,63,0,5,0.0326,2.76,3.59
Google,video,traffic,medium,1315.71,1,57,1,0,0.0321,2.42,3.87
Google,video,awareness,broad,732.96,2,67,0,5,0.0118,2.38,2.06
Meta,carousel,conversions,medium,1838.34,5,65,1,3,0.0414,1.82,6.85
Meta,carousel,conversions,narrow,311.25,4,65,1,5,0.054,2.56,6.58
Google,carousel,conversions,medium,1359.45,2,21,0,1,0.0259,3.22,2.12
Meta,image,conversions,medium,58.5,2,30,1,3,0.0448,2.07,5.37
Meta,carousel,conversions,broad,1853.07,3,33,0,2,0.0357,2.71,3.77
Meta,image,traffic,medium,269.38,2,48,1,0,0.0308,1.7,3.28
Google,image,traffic,narrow,235.02,5,22,1,6,0.0444,2.74,6.03
Google,video,traffic,narrow,699.36,4,54,0,2,0.0354,2.92,4.11
Meta,image,conversions,broad,778.45,3,4,1,5,0.0463,1.81,5.03
Meta,video,awareness,narrow,467.89,1,87,0,4,0.0387,1.87,3.99
Meta,video,conversions,broad,1190.99,1,55,0,5,0.0288,2.37,2.72
Google,carousel,conversions,narrow,913.68,4,44,1,6,0.047,3.25,6.21
Meta,video,awareness,medium,116.64,1,89,1,6,0.0442,1.79,4.43
Meta,video,conversions,medium,673.32,5,12,0,4,0.0459,2.0,4.35
Google,video,conversions,broad,1630.34,2,81,0,2,0.0338,3.35,2.66
Meta,carousel,awareness,broad,1394.92,4,79,1,2,0.027,1.95,4.77
Google,image,conversions,narrow,1463.5,3,74,0,4,0.0323,3.86,3.11
Meta,image,traffic,medium,1411.33,2,52,1,1,0.0294,2.19,4.64
Meta,carousel,conversions,narrow,656.4,1,76,1,0,0.0508,2.81,5.77
Meta,carousel,traffic,medium,244.34,1,65,0,3,0.0297,0.94,2.93
Google,video,conversions,medium,581.31,3,65,0,2,0.0322,3.33,3.8
Google,image,conversions,broad,1671.98,5,10,0,0,0.0347,3.76,3.43
Google,carousel,traffic,broad,1961.92,3,18,0,3,0.0289,2.74,1.23
Meta,image,conversions,medium,1013.0,4,47,1,5,0.0424,2.37,6.13
Google,video,conversions,medium,68.92,3,66,1,3,0.0544,2.55,6.03
Meta,carousel,conversions,broad,323.09,1,49,0,2,0.0228,1.51,2.71
Meta,image,conversions,broad,678.06,5,72,0,1,0.0309,1.98,5.07
Google,video,conversions,narrow,1178.24,5,22,0,1,0.0483,3.39,4.81
Meta,image,conversions,medium,196.43,3,86,1,0,0.0372,1.95,5.37
Meta,video,awareness,medium,1889.55,4,26,1,5,0.0464,1.78,5.68
Meta,video,conversions,narrow,761.91,1,9,1,0,0.054,2.41,5.08
Meta,carousel,conversions,narrow,1829.54,2,21,0,4,0.0351,2.95,3.34
Meta,video,conversions,narrow,1572.02,5,63,1,1,0.0505,2.64,7.58
Meta,image,conversions,medium,1523.1,3,6,0,0,0.0308,2.62,3.06
Meta,image,awareness,narrow,1233.1,4,14,1,4,0.0405,2.47,5.75
Google,video,conversions,narrow,1272.23,4,33,1,5,0.0553,4.3,5.48
Google,carousel,awareness,narrow,1294.11,1,71,1,6,0.0365,3.43,4.2
Meta,video,conversions,broad,1276.01,5,24,0,3,0.0474,2.46,5.12
Meta,video,traffic,broad,1129.77,1,73,1,0,0.0385,1.65,3.86
Meta,video,traffic,medium,1973.51,2,75,0,4,0.0355,2.18,2.73
Meta,video,awareness,medium,1477.97,2,87,1,1,0.0367,2.04,3.77
Meta,video,traffic,broad,1565.05,2,51,0,3,0.031,1.82,2.34
Google,image,traffic,narrow,1751.3,4,2,0,0,0.0388,3.46,3.52
Meta,carousel,conversions,narrow,470.5,5,15,0,1,0.0406,2.12,4.84
Meta,video,conversions,narrow,213.42,1,35,1,6,0.056,2.39,6.32
Meta,image,awareness,narrow,991.64,1,36,0,3,0.0223,2.36,1.86
Meta,image,conversions,medium,1052.46,2,39,1,2,0.0317,2.23,4.96
Google,carousel,conversions,broad,1666.9,5,4,1,1,0.0415,3.24,4.65
Google,image,traffic,medium,915.38,5,64,1,2,0.0396,2.53,4.46
Meta,video,conversions,medium,1163.16,3,74,0,5,0.0416,2.1,4.47
Google,video,awareness,broad,1077.79,5,6,1,0,0.0362,2.98,4.43
Meta,image,traffic,narrow,124.5,5,57,0,6,0.0392,1.63,3.6
Google,carousel,traffic,narrow,1249.67,1,30,0,4,0.0196,3.17,1.53
Google,video,awareness,medium,1664.68,5,74,0,0,0.0266,2.92,3.81
Meta,video,conversions,medium,357.13,5,67,0,1,0.0384,1.82,5.91
Meta,carousel,conversions,narrow,1208.95,1,15,0,2,0.0282,2.78,3.36
Meta,carousel,conversions,medium,1207.54,5,17,0,2,0.0406,2.09,5.0
Meta,carousel,conversions,medium,370.16,1,18,0,3,0.0318,2.53,2.89
Google,carousel,traffic,medium,290.75,3,19,0,0,0.0156,2.05,2.18
Meta,video,awareness,medium,1961.1,4,76,0,0,0.0378,1.89,3.48
Meta,image,conversions,medium,817.75,1,88,0,1,0.0171,1.88,2.83
Google,image,conversions,narrow,493.47,1,69,1,2,0.0371,2.94,4.84
Google,video,awareness,medium,384.08,5,24,0,1,0.0309,2.89,4.3
Meta,image,conversions,narrow,1351.82,1,48,0,1,0.0237,2.97,3.29
Meta,image,conversions,broad,1238.42,2,30,0,5,0.027,2.41,3.24
Meta,video,conversions,medium,1304.93,2,15,0,2,0.0311,2.19,3.05
Meta,carousel,awareness,medium,221.61,3,47,0,1,0.0264,1.84,2.56
Google,image,traffic,broad,1792.39,1,44,0,2,0.001,2.59,0.86
Meta,carousel,traffic,medium,809.07,5,27,1,1,0.0487,1.98,5.91
Meta,video,awareness,medium,661.07,5,84,1,4,0.0531,1.44,6.37
Meta,video,conversions,broad,951.6,4,64,1,1,0.047,2.09,6.14
Meta,image,conversions,broad,810.63,3,41,1,1,0.0284,2.47,4.94
Google,video,awareness,medium,1733.98,5,68,1,6,0.05,3.08,5.1
Google,image,conversions,narrow,1862.06,4,5,1,4,0.0397,3.94,6.04
Meta,carousel,traffic,medium,641.73,5,53,1,0,0.0417,1.38,5.01
Meta,video,awareness,broad,1734.67,4,8,0,2,0.0446,1.89,2.6
Meta,image,traffic,narrow,1573.97,2,22,0,6,0.0245,2.42,2.53
Google,image,traffic,narrow,1865.07,2,7,0,3,0.0267,3.0,2.92
Google,video,awareness,broad,529.21,5,22,0,4,0.0338,2.87,3.62
Meta,carousel,awareness,narrow,1175.07,3,46,1,6,0.046,1.53,5.54
Google,carousel,conversions,broad,585.36,1,30,0,0,0.0194,2.74,1.73
Google,image,conversions,medium,1656.98,3,16,1,1,0.0359,3.14,4.4
Meta,image,conversions,medium,60.38,3,79,0,5,0.0304,1.16,3.14
Google,image,traffic,narrow,1151.4,1,5,0,0,0.0197,2.63,0.47
Meta,carousel,conversions,broad,711.45,2,67,0,4,0.0336,2.4,3.06
Meta,image,traffic,medium,679.23,2,23,0,5,0.0154,1.71,2.65
Meta,image,conversions,medium,1307.57,1,61,0,1,0.0281,2.86,2.8
Meta,carousel,traffic,medium,1710.39,4,74,0,0,0.0351,2.48,3.63
Meta,video,conversions,broad,1237.93,3,5,0,3,0.0375,2.5,4.47
Google,carousel,traffic,broad,1713.69,5,23,0,2,0.0316,2.91,2.84
Meta,video,traffic,medium,565.96,2,79,1,2,0.0395,1.69,4.83
Google,video,conversions,medium,1063.03,5,82,0,4,0.0287,2.32,4.35
Meta,video,conversions,broad,928.55,1,25,0,6,0.0276,1.86,3.93
Meta,carousel,traffic,medium,72.71,5,8,0,1,0.029,1.55,3.68
Meta,carousel,conversions,narrow,1135.78,5,21,0,1,0.0403,2.93,4.27
Meta,image,conversions,narrow,1339.97,3,2,0,2,0.0288,2.89,3.02
Google,image,awareness,broad,1204.23,1,22,0,0,0.0086,2.39,1.34
Meta,image,traffic,medium,1485.75,5,72,0,1,0.028,2.23,3.1
Meta,carousel,awareness,medium,1164.11,2,87,1,3,0.0231,2.29,4.81
Meta,image,conversions,medium,180.16,1,72,0,3,0.0265,2.34,1.38
Google,video,conversions,narrow,277.07,2,68,0,1,0.0461,3.58,4.8
Google,video,awareness,medium,1213.13,4,64,0,1,0.034,2.5,3.78
Google,carousel,traffic,narrow,586.21,5,19,0,2,0.034,3.2,3.5
Meta,image,traffic,medium,205.31,1,87,0,4,0.0187,1.61,1.95
Meta,video,conversions,medium,887.73,2,82,1,2,0.0419,2.42,6.55
Meta,video,conversions,medium,1130.93,5,53,1,4,0.0535,2.45,7.23
Meta,carousel,conversions,broad,691.05,3,87,0,3,0.0288,2.17,2.97
Meta,video,conversions,broad,1454.85,2,52,1,4,0.0368,2.18,4.23
Meta,image,conversions,broad,1305.35,2,47,0,2,0.0314,2.37,2.9
Meta,carousel,conversions,narrow,699.0,4,82,1,1,0.0436,2.91,6.25
Meta,image,awareness,narrow,1522.0,3,54,1,4,0.0446,2.22,4.29
Google,video,conversions,medium,1314.96,4,44,1,2,0.0445,3.46,5.71
Meta,image,traffic,broad,1293.02,3,7,0,3,0.0315,2.11,1.96
Meta,carousel,awareness,broad,1129.18,2,1,0,5,0.0237,1.75,1.73
Google,image,traffic,broad,72.21,4,63,0,4,0.0182,2.74,2.63
Meta,carousel,conversions,medium,1408.19,5,39,0,3,0.0368,2.32,5.14
Google,video,traffic,medium,783.28,3,19,0,3,0.0282,2.99,3.13
Meta,image,traffic,medium,1888.09,2,31,0,0,0.0163,2.2,1.6
Meta,image,traffic,narrow,1645.07,1,77,0,5,0.0212,2.39,2.56
Google,carousel,traffic,narrow,1196.0,3,24,1,4,0.0301,2.79,4.21
Google,video,awareness,broad,541.75,3,69,0,2,0.0204,2.44,1.94
Google,carousel,traffic,narrow,447.25,5,87,1,4,0.0455,2.77,5.84
Meta,image,conversions,narrow,713.75,3,83,0,4,0.0365,2.24,5.27
Meta,video,traffic,narrow,979.31,3,65,1,5,0.0391,2.13,5.63
Meta,video,conversions,broad,627.33,5,33,0,6,0.0393,1.95,3.98
Meta,carousel,awareness,medium,1054.11,5,59,0,3,0.0368,1.99,3.78
Google,video,conversions,medium,372.47,4,33,1,3,0.0442,3.3,5.1
Meta,video,conversions,broad,1956.54,2,32,0,3,0.0278,2.22,3.72
Google,video,awareness,medium,260.45,2,59,0,3,0.0229,2.89,2.67
Meta,carousel,traffic,medium,1867.29,4,41,0,5,0.0283,2.02,3.0
Meta,image,conversions,narrow,1831.48,2,12,0,2,0.0288,2.66,3.15
Meta,carousel,conversions,narrow,1074.45,3,73,0,1,0.0389,2.95,4.09
Google,video,awareness,broad,1463.58,4,11,0,0,0.0395,2.61,3.03
Google,image,conversions,broad,900.29,4,19,1,6,0.0303,3.05,4.12
Google,image,awareness,medium,1278.57,2,54,1,6,0.0254,2.56,2.7
Google,carousel,conversions,medium,714.12,1,57,0,3,0.0207,2.77,2.75
Google,carousel,traffic,medium,637.26,2,42,1,3,0.0266,2.71,3.13
Google,video,awareness,narrow,1177.55,1,71,0,0,0.0335,2.97,2.85
Meta,image,conversions,narrow,1021.35,4,31,0,3,0.0261,2.28,4.38
Meta,video,conversions,narrow,1180.1,1,52,0,1,0.0343,2.92,3.95
Meta,image,conversions,narrow,608.99,3,2,1,6,0.0491,2.22,5.06
Google,video,traffic,broad,765.57,5,83,0,4,0.0295,2.18,2.88
Google,video,traffic,narrow,213.6,1,38,1,0,0.0339,3.12,3.77
Meta,video,traffic,narrow,151.94,5,32,0,6,0.0472,1.59,5.2
Google,image,conversions,medium,544.24,3,10,1,2,0.0385,2.27,4.31
Google,video,conversions,broad,194.78,5,8,1,6,0.0461,3.05,5.58
Meta,image,conversions,narrow,252.36,3,75,0,0,0.031,2.38,5.22
Meta,image,conversions,narrow,1635.21,5,20,1,1,0.0533,2.83,5.59
Google,video,traffic,medium,125.8,5,20,0,5,0.032,2.24,3.32
Meta,carousel,awareness,broad,1334.94,2,9,0,2,0.0257,1.97,2.72
Google,video,traffic,medium,581.49,1,72,0,4,0.0294,2.25,2.32
Meta,image,conversions,broad,1749.51,5,15,0,3,0.019,2.97,3.12
Google,image,awareness,broad,995.73,4,88,1,0,0.0306,2.16,4.85
Google,video,traffic,broad,645.87,2,63,0,2,0.0133,2.63,2.02
Google,video,awareness,medium,1059.4,1,21,0,0,0.0342,2.81,1.86
Meta,video,traffic,medium,794.82,2,5,0,4,0.0277,1.51,2.88
Google,carousel,conversions,narrow,1150.39,1,35,0,0,0.0307,3.24,2.33
Google,image,conversions,broad,273.34,3,85,0,6,0.0208,3.19,2.24
Meta,image,traffic,medium,1994.13,5,68,1,6,0.037,1.8,5.3
Google,image,conversions,narrow,879.83,4,48,1,2,0.0384,3.28,5.07
Meta,video,conversions,medium,729.05,2,80,0,1,0.0419,2.48,4.09
Meta,image,traffic,narrow,1434.91,2,62,0,5,0.0328,2.34,3.11
Meta,carousel,traffic,medium,759.6,2,35,0,2,0.0347,1.19,2.98
Meta,video,traffic,medium,1674.88,2,70,1,0,0.0403,2.53,5.25
Meta,video,conversions,medium,935.83,5,21,0,4,0.0444,2.12,4.88
Google,video,conversions,broad,1453.14,1,80,0,6,0.0217,3.12,2.8
Meta,image,traffic,narrow,259.53,5,39,1,3,0.0456,2.05,6.06
Google,carousel,awareness,medium,1699.93,3,34,0,3,0.0178,3.0,2.11
Meta,video,traffic,medium,1484.65,5,15,0,4,0.0394,2.53,3.83
Meta,image,awareness,medium,462.85,5,6,1,0,0.0371,1.14,4.63
Meta,video,traffic,broad,333.31,3,66,0,5,0.0322,1.85,3.49
Google,carousel,traffic,medium,666.77,5,88,0,4,0.0299,2.72,2.49
Meta,video,conversions,medium,1953.34,1,56,0,0,0.0324,2.54,3.22
Google,image,traffic,narrow,550.82,4,49,0,2,0.0374,3.1,2.02
Google,image,traffic,broad,939.45,3,1,0,5,0.0168,2.86,0.8
Google,image,traffic,medium,108.54,2,65,1,1,0.0308,1.92,3.25
Meta,image,conversions,broad,824.59,1,28,0,0,0.0303,2.77,2.75
Meta,video,traffic,narrow,1164.07,4,20,1,3,0.0585,1.78,6.57
Google,video,conversions,narrow,1908.59,1,48,0,3,0.0378,3.43,3.16
Meta,video,traffic,medium,1057.64,1,72,0,6,0.0255,1.74,3.03
Google,video,conversions,broad,1647.26,2,65,0,5,0.0271,3.87,3.27
Meta,image,awareness,medium,1116.9,4,51,0,1,0.0214,1.74,2.98
Google,video,conversions,broad,129.53,1,43,0,0,0.0255,2.83,1.79
Google,video,conversions,medium,664.27,2,49,0,1,0.0304,3.43,3.09
Google,image,conversions,medium,1172.32,3,25,0,6,0.0241,3.06,2.76
Meta,carousel,traffic,narrow,1903.66,2,74,0,2,0.0361,2.12,2.49
Google,image,conversions,broad,1725.3,5,76,1,1,0.031,3.19,5.39
Meta,video,conversions,narrow,495.29,2,41,0,2,0.0482,2.96,4.54
Meta,video,traffic,broad,479.21,2,71,0,3,0.0315,1.67,3.11
Google,carousel,conversions,broad,442.29,2,64,0,2,0.0206,3.51,2.31
Google,video,awareness,broad,1848.87,1,61,0,0,0.0183,3.08,1.95
Google,video,awareness,medium,1712.7,4,12,1,5,0.0434,2.62,4.82
Google,image,traffic,medium,1561.02,2,81,0,5,0.0246,2.78,2.09
Meta,image,conversions,broad,815.83,2,69,0,0,0.0235,1.99,2.66
Meta,image,traffic,narrow,1033.54,5,14,0,0,0.0377,2.01,3.74
Google,video,conversions,medium,955.45,5,34,1,0,0.0481,4.43,6.63
Meta,video,conversions,narrow,544.13,3,48,0,4,0.0519,2.87,3.91
Meta,carousel,conversions,medium,1034.8,3,61,0,6,0.0302,2.57,3.97
Meta,video,awareness,narrow,109.47,5,81,0,2,0.0449,1.75,4.89
Meta,image,conversions,narrow,307.03,4,35,0,0,0.0453,2.96,4.13
Meta,image,traffic,medium,1778.85,3,65,0,5,0.0257,2.36,2.83
Meta,image,traffic,medium,1515.78,4,59,1,1,0.0437,2.52,4.15
Meta,video,conversions,medium,874.59,5,36,1,1,0.0484,2.81,6.2
Meta,video,conversions,narrow,1058.44,3,79,0,4,0.042,2.27,4.6
Google,image,awareness,medium,771.5,2,19,0,2,0.0244,2.2,1.64
Meta,carousel,traffic,narrow,1494.52,5,42,0,2,0.0366,2.05,3.75
Meta,carousel,traffic,medium,1579.16,3,69,0,6,0.0272,1.69,3.69
Google,video,conversions,medium,1538.41,4,19,0,2,0.0363,3.36,4.86
Meta,video,conversions,medium,1459.09,4,39,0,5,0.0351,2.27,3.55
Google,carousel,conversions,broad,448.78,3,69,1,5,0.0319,3.56,4.58
Google,image,conversions,medium,709.04,4,52,0,6,0.0276,3.58,3.75
Meta,carousel,conversions,broad,966.2,3,12,1,4,0.0392,2.29,4.97
Meta,video,awareness,medium,695.05,3,83,0,2,0.0394,2.3,3.36
Google,image,conversions,medium,1522.13,4,47,0,2,0.0347,3.7,3.29
Google,image,conversions,medium,692.24,1,76,0,0,0.0137,2.87,1.75
Meta,image,traffic,narrow,319.55,2,36,1,2,0.0386,1.39,4.38
Google,image,traffic,medium,828.13,5,63,0,5,0.0294,2.48,2.64
Meta,video,conversions,medium,1960.83,2,76,1,0,0.0516,2.39,5.72
Google,image,traffic,medium,490.47,5,82,1,0,0.0396,2.51,4.29
Meta,video,conversions,narrow,1243.71,5,51,1,2,0.0605,2.8,7.33
Google,image,conversions,narrow,894.3,2,43,1,1,0.0403,3.49,4.12
Google,carousel,conversions,broad,188.5,3,34,1,3,0.0374,3.01,4.44
Google,video,awareness,medium,1001.36,4,49,1,5,0.0364,2.24,4.71
Meta,carousel,conversions,narrow,1419.22,1,18,0,1,0.033,2.95,3.11
Meta,video,conversions,medium,1050.78,1,61,1,2,0.0483,2.18,5.81
Meta,image,conversions,medium,1750.61,1,57,1,2,0.032,2.59,5.03
Meta,carousel,awareness,broad,613.43,2,5,0,1,0.0226,1.97,0.42
Meta,video,conversions,narrow,218.19,2,89,1,2,0.0488,2.1,5.93
Google,video,conversions,narrow,1876.3,3,24,0,5,0.0264,3.68,3.67
Meta,image,conversions,broad,787.48,1,64,0,6,0.0201,2.2,2.55
Meta,video,conversions,narrow,1173.99,3,59,0,0,0.0445,2.6,4.07
Google,image,traffic,narrow,1594.41,1,38,0,4,0.0174,3.45,1.08
Google,carousel,traffic,broad,682.41,2,33,1,2,0.0212,2.29,3.02
Google,image,conversions,medium,1446.52,4,10,1,2,0.0326,3.07,4.84
Google,video,conversions,narrow,314.07,4,37,1,1,0.0548,3.08,6.67
Meta,image,conversions,narrow,618.02,4,87,1,0,0.0579,2.91,6.78
Meta,image,conversions,narrow,332.19,4,11,0,1,0.0449,2.35,4.66
Google,video,conversions,narrow,1631.9,5,24,0,6,0.0373,3.83,4.91
Google,image,traffic,broad,484.17,1,88,0,5,0.0153,3.04,1.11
Meta,image,awareness,medium,1448.94,4,71,1,1,0.0347,1.91,5.24
Google,image,awareness,broad,1889.43,5,21,0,2,0.0201,3.2,1.26
Meta,video,awareness,broad,1079.16,5,20,1,0,0.0437,2.33,6.19
Meta,image,traffic,medium,1103.06,5,10,1,5,0.0445,2.14,4.02
Meta,video,traffic,narrow,949.02,3,89,1,2,0.0538,2.18,5.49
Meta,video,conversions,medium,685.49,3,47,0,5,0.0365,2.4,4.1
Meta,carousel,traffic,broad,977.53,5,47,0,2,0.0306,1.41,3.73
Meta,image,conversions,broad,1225.47,4,15,1,2,0.0413,2.13,3.69
Google,video,conversions,narrow,1972.68,1,44,1,2,0.0448,3.61,5.01
Meta,video,traffic,medium,1878.64,2,62,0,4,0.0359,2.74,3.41
Meta,video,conversions,medium,1731.2,3,6,1,3,0.0406,2.28,6.09
Google,video,conversions,broad,1783.8,4,66,1,0,0.0421,3.09,5.24
Google,video,awareness,narrow,962.31,4,76,0,6,0.0317,2.68,3.87
Google,video,conversions,medium,1332.02,2,4,0,4,0.0287,3.37,2.62
Google,image,conversions,broad,1795.38,2,23,0,3,0.0169,3.38,1.69
Google,image,awareness,medium,816.25,4,13,0,5,0.0228,2.87,1.84
Meta,image,traffic,medium,1925.44,2,81,1,3,0.028,2.28,3.51
Meta,image,traffic,narrow,860.78,4,31,0,3,0.0266,1.74,3.77
Meta,video,conversions,narrow,1222.11,2,16,1,4,0.0395,2.52,5.74
Meta,carousel,conversions,medium,1434.12,2,41,1,0,0.0383,2.84,4.87
Meta,carousel,awareness,broad,1903.65,4,1,0,1,0.0258,2.01,2.63
Google,carousel,traffic,narrow,527.0,5,12,0,3,0.0316,3.21,3.71
Meta,carousel,traffic,medium,1504.96,4,56,0,1,0.0376,1.91,3.82
Meta,carousel,conversions,medium,1065.59,1,50,0,1,0.0217,2.03,1.74
Meta,image,conversions,narrow,573.69,2,20,0,2,0.0391,2.48,3.17
Google,video,awareness,medium,1564.38,3,66,1,1,0.0461,2.48,4.78
Meta,image,conversions,broad,1126.83,2,36,0,5,0.0132,2.17,2.42
Google,image,traffic,broad,1338.9,1,79,0,5,0.0115,2.76,0.68
Meta,image,conversions,medium,679.66,3,38,0,2,0.027,2.36,3.84
Meta,image,traffic,medium,988.48,3,22,0,0,0.0104,1.32,3.36
Meta,video,awareness,narrow,1253.84,4,61,0,6,0.0348,2.27,4.47
Google,video,traffic,broad,839.58,5,50,1,0,0.0449,2.38,5.34
Meta,carousel,conversions,narrow,436.83,4,59,0,5,0.0511,2.34,5.31
Google,image,traffic,broad,1925.2,3,20,1,6,0.0315,2.92,2.42
Meta,image,traffic,narrow,1047.36,3,36,0,2,0.0326,2.05,3.26
Meta,video,conversions,broad,1481.14,5,15,1,0,0.0499,2.86,6.7
Google,video,awareness,broad,851.54,2,62,1,6,0.0404,2.91,3.65
Google,carousel,traffic,broad,742.51,5,3,0,6,0.0367,2.88,2.06
Google,image,awareness,narrow,843.97,4,5,0,3,0.0261,2.8,2.8
Google,carousel,traffic,medium,847.93,2,56,0,0,0.01,2.27,1.63
Google,image,conversions,medium,1111.15,4,31,1,2,0.0265,3.16,4.32
Google,image,conversions,broad,1109.77,5,86,1,6,0.0436,3.09,6.58
Google,video,conversions,narrow,1019.45,2,35,0,5,0.0348,3.32,3.49
Google,image,awareness,broad,312.83,5,71,0,3,0.0239,2.04,2.39
Google,image,traffic,broad,1017.35,1,70,1,1,0.012,2.59,2.46
Google,image,traffic,narrow,379.75,3,26,1,1,0.0322,2.69,4.7
Google,image,conversions,broad,295.96,2,1,1,1,0.0265,3.1,3.53
Meta,carousel,conversions,medium,1868.66,3,83,1,5,0.043,2.76,5.61
Google,video,traffic,medium,1229.65,1,7,0,6,0.02,3.0,1.2
Google,carousel,conversions,medium,1336.01,2,36,1,2,0.0288,2.82,4.86
Meta,video,conversions,medium,833.5,3,76,1,1,0.0431,2.37,6.29
Google,image,traffic,broad,1822.51,3,84,1,0,0.033,2.63,4.33
Meta,video,conversions,medium,1293.96,2,87,0,1,0.0352,2.02,4.27
Meta,video,conversions,medium,1549.88,3,25,0,6,0.0401,2.34,4.59
Google,image,conversions,medium,768.7,3,59,0,4,0.0195,3.35,2.41
Meta,video,conversions,broad,1922.02,2,61,0,5,0.0162,2.46,2.92
Google,image,awareness,narrow,1649.9,3,29,0,4,0.0234,3.66,3.07
Google,carousel,conversions,broad,1715.2,3,18,1,1,0.0297,3.48,4.78
Meta,video,conversions,medium,385.78,4,41,0,6,0.0417,2.0,4.19
Meta,carousel,conversions,narrow,578.38,4,19,0,1,0.0574,2.92,4.79
Meta,image,traffic,narrow,606.97,1,4,1,4,0.0385,2.22,3.63
Google,image,conversions,medium,578.27,4,65,1,6,0.0507,2.69,5.19
Google,video,traffic,broad,1718.05,4,41,0,5,0.0308,3.37,3.01
Google,video,conversions,medium,112.18,1,15,0,5,0.0229,2.91,3.13
Meta,video,conversions,broad,198.39,3,54,1,1,0.0457,2.07,5.93
Google,video,conversions,narrow,584.13,3,64,1,5,0.0569,3.12,6.11
Meta,video,awareness,medium,439.75,4,72,0,3,0.0451,1.99,4.46
Google,image,awareness,broad,502.13,1,15,0,6,0.0081,2.61,0.44
Meta,carousel,conversions,broad,1605.99,3,79,0,6,0.0303,2.67,3.52
Google,carousel,traffic,narrow,1148.1,5,50,1,5,0.0379,2.89,5.95
Meta,image,awareness,medium,61.25,2,22,0,6,0.0261,1.77,1.15
Google,video,conversions,narrow,887.18,2,18,0,4,0.0428,3.74,4.11
Meta,video,awareness,medium,845.38,2,80,0,2,0.0302,1.55,2.47
Google,video,conversions,broad,272.19,4,2,1,4,0.0387,2.46,5.91
Google,video,awareness,broad,1368.48,2,36,0,0,0.0238,2.88,1.68
Meta,image,traffic,narrow,1419.09,2,20,0,3,0.0301,1.85,2.13
Google,image,awareness,broad,1455.74,5,16,1,2,0.0334,2.78,4.55
Google,video,traffic,medium,1470.52,3,67,0,1,0.0289,2.61,3.21
Meta,video,conversions,medium,50.1,5,30,0,6,0.0421,2.38,4.53
Meta,carousel,awareness,medium,1910.15,4,55,1,0,0.046,1.96,4.41
Google,carousel,conversions,medium,1637.71,2,66,0,0,0.0277,3.62,2.5
Meta,video,conversions,medium,1812.76,3,26,1,3,0.0421,2.39,5.11
Meta,carousel,traffic,medium,80.5,2,57,0,2,0.0199,1.82,1.72
Meta,carousel,traffic,medium,1871.02,2,69,0,0,0.0237,2.68,2.28
Google,video,awareness,narrow,1629.09,4,2,1,2,0.0507,2.87,4.97
Meta,video,conversions,broad,1682.58,2,56,0,2,0.0317,2.59,3.64
Google,image,traffic,medium,231.91,1,84,1,5,0.0208,3.19,3.69
Google,carousel,traffic,narrow,1490.62,3,62,0,0,0.0303,3.17,2.74
Google,carousel,conversions,broad,1921.84,3,34,0,2,0.0223,3.4,2.52
Google,video,conversions,broad,1373.17,1,56,1,3,0.0374,3.45,5.18
Meta,video,conversions,broad,1162.59,4,55,0,0,0.0387,2.36,3.81
Google,image,conversions,medium,1893.98,2,20,0,3,0.0194,2.86,2.92
Meta,image,awareness,narrow,913.73,2,50,0,3,0.0292,2.51,3.29
Meta,video,traffic,medium,1218.62,3,25,0,2,0.0396,1.26,4.0
Meta,carousel,traffic,narrow,978.86,4,84,1,2,0.0442,2.07,6.28
Meta,image,awareness,broad,1869.05,4,25,1,5,0.037,2.42,4.43
Google,carousel,conversions,narrow,198.37,4,53,1,6,0.0456,3.15,5.49
Google,carousel,awareness,narrow,1027.18,2,14,1,5,0.0381,2.8,4.43
Meta,image,conversions,medium,1389.56,4,60,0,0,0.0287,2.68,4.44
Meta,image,awareness,medium,1594.22,1,43,0,5,0.0196,1.72,2.34
Google,image,conversions,broad,1186.89,5,62,1,1,0.0425,2.79,5.46
Meta,video,awareness,medium,1822.39,4,76,0,0,0.0313,2.13,3.56
Meta,image,conversions,narrow,1886.88,5,69,0,3,0.0344,2.91,4.98
Meta,video,conversions,narrow,175.42,2,63,1,5,0.0435,2.08,6.58
Google,image,traffic,medium,834.62,4,2,0,5,0.0171,2.74,2.72
Google,video,conversions,narrow,95.75,3,54,0,6,0.041,3.37,4.13
Meta,video,traffic,medium,692.36,2,16,0,5,0.023,1.6,2.89
Meta,video,conversions,medium,1096.89,1,55,1,2,0.0395,2.24,4.39
Google,video,traffic,broad,1826.05,1,43,0,3,0.0221,2.99,2.08
Google,image,conversions,broad,1700.78,5,61,0,5,0.0291,3.67,3.1
Meta,image,conversions,broad,298.62,5,38,1,4,0.0401,2.0,6.1
Google,image,conversions,broad,231.41,3,45,1,4,0.032,3.07,3.7
Meta,video,conversions,narrow,1199.07,3,51,1,3,0.0535,2.93,6.98
Meta,video,conversions,narrow,1087.63,1,42,0,5,0.0359,2.99,3.91
Google,video,conversions,medium,569.44,4,24,0,6,0.0339,2.98,3.63
Meta,video,conversions,broad,1803.93,1,30,0,1,0.0392,2.27,3.44
Google,carousel,conversions,broad,1858.36,1,37,0,6,0.022,3.22,1.41
Meta,video,traffic,broad,835.09,3,53,0,1,0.0424,1.85,3.75
Meta,video,awareness,narrow,1786.09,5,63,0,0,0.0425,2.98,4.67
Google,video,conversions,broad,798.7,3,11,0,0,0.0286,2.89,2.29
Meta,video,traffic,medium,1486.79,3,78,1,6,0.0363,2.19,4.63
Google,image,traffic,narrow,978.09,3,23,1,5,0.032,2.9,3.97
Meta,image,conversions,medium,289.04,1,80,0,6,0.0325,2.12,3.65
Meta,video,traffic,narrow,1859.47,4,50,0,0,0.0394,2.91,4.73
Meta,video,conversions,medium,935.49,1,85,0,2,0.0406,2.51,4.49
Google,video,traffic,medium,1482.25,2,55,0,1,0.0188,2.37,3.23
Meta,video,conversions,medium,765.99,3,55,0,3,0.0317,2.06,3.96
Google,video,traffic,medium,86.82,3,4,0,6,0.0263,2.7,2.51
Meta,carousel,traffic,broad,246.03,2,54,1,5,0.0317,1.62,3.5
Google,image,conversions,medium,1017.63,3,61,1,5,0.0386,2.76,4.52
Meta,image,conversions,medium,1395.43,3,78,1,4,0.0413,2.17,4.5
Google,image,awareness,broad,702.73,3,83,1,1,0.0249,2.72,3.61
Google,image,conversions,broad,1406.2,2,5,1,1,0.0273,3.52,2.83
Google,image,traffic,narrow,1412.34,1,18,1,1,0.0284,3.13,3.23
Google,image,awareness,medium,1422.68,3,44,0,6,0.0154,3.47,2.92
Google,image,traffic,narrow,1010.42,4,31,0,0,0.0246,3.25,2.66
Google,video,traffic,narrow,1834.03,2,21,1,2,0.0461,3.18,4.7
Meta,image,traffic,medium,1003.93,5,47,0,6,0.0219,1.56,3.94
Meta,image,awareness,broad,928.02,2,30,1,3,0.0371,1.49,3.85
Google,carousel,conversions,narrow,438.79,1,55,1,0,0.0353,3.43,4.47
Google,image,conversions,broad,649.93,2,68,1,6,0.0241,2.85,3.71
Google,image,conversions,broad,132.55,5,69,0,2,0.0307,3.34,3.51
Meta,video,awareness,broad,1285.39,4,41,0,1,0.0404,2.33,3.09
Meta,image,traffic,narrow,534.64,5,45,1,2,0.0526,2.25,6.37
Meta,video,conversions,broad,643.1,2,74,1,0,0.0435,1.84,4.54
Google,video,awareness,medium,1553.09,5,80,0,6,0.0394,2.56,4.61
Meta,video,conversions,medium,688.08,2,30,1,1,0.0354,2.58,4.46
Meta,image,conversions,narrow,522.28,4,77,1,6,0.0454,2.39,6.84
Meta,video,traffic,narrow,379.66,4,85,0,0,0.0374,2.35,4.37
Meta,video,conversions,broad,1560.97,1,45,1,3,0.0441,2.61,4.09
Meta,carousel,awareness,medium,302.93,4,45,0,1,0.0291,1.61,3.5
Meta,video,conversions,narrow,934.82,3,79,0,2,0.0472,2.47,5.55
Google,image,awareness,narrow,1038.51,5,84,0,0,0.0347,2.98,3.64
Meta,image,traffic,medium,1390.41,5,84,1,4,0.0367,1.97,5.77
Meta,video,conversions,narrow,1284.9,2,45,1,2,0.0471,3.1,4.73
Meta,carousel,awareness,broad,1630.91,4,55,0,2,0.0345,1.72,2.39
Meta,video,traffic,narrow,137.27,1,59,1,1,0.0391,1.86,5.48
Meta,image,conversions,narrow,628.06,1,5,1,6,0.0396,2.6,4.49
Meta,image,conversions,medium,596.26,1,32,1,5,0.0291,2.38,3.15
Google,image,awareness,medium,334.73,3,6,0,2,0.0184,2.13,1.63
Meta,image,conversions,medium,613.9,4,26,0,0,0.0318,1.79,3.46
Google,video,conversions,medium,654.04,1,37,0,4,0.0221,3.2,2.52
Google,video,conversions,broad,1067.67,3,13,1,3,0.0342,2.66,4.64
Google,image,conversions,medium,1344.22,5,69,0,4,0.0314,3.59,3.98
Meta,image,traffic,narrow,793.15,2,25,1,0,0.0338,2.09,4.26
Meta,carousel,conversions,medium,1452.97,4,13,1,1,0.0409,1.97,6.18
Meta,carousel,conversions,broad,705.52,4,88,1,0,0.0373,2.07,5.73
Meta,carousel,conversions,medium,616.05,5,20,1,5,0.0476,2.3,6.23
Google,image,conversions,narrow,1105.32,4,72,0,5,0.0377,3.37,4.76
Meta,video,awareness,broad,96.25,4,60,1,5,0.0505,1.53,5.34
Meta,carousel,conversions,medium,205.59,4,73,0,2,0.0314,2.28,3.45
Google,image,awareness,medium,865.04,4,21,1,1,0.0438,2.5,5.0
Google,video,conversions,narrow,1888.68,3,61,1,6,0.043,3.49,5.97
Meta,carousel,conversions,narrow,1456.95,3,84,1,5,0.0534,2.75,6.16
Meta,carousel,awareness,medium,221.85,2,79,1,6,0.0314,1.99,3.75
Meta,image,conversions,narrow,1700.32,4,26,0,3,0.0336,3.42,3.83
Meta,video,traffic,medium,1477.99,5,54,0,3,0.0353,1.34,4.86
Meta,video,awareness,medium,1241.35,1,42,1,6,0.0367,2.2,4.62
Meta,carousel,conversions,narrow,1649.57,2,11,0,0,0.0379,2.97,3.82
Meta,carousel,conversions,broad,838.01,1,37,0,5,0.0263,2.53,2.62
Meta,video,traffic,broad,481.93,1,11,0,2,0.0193,1.48,2.24
Meta,video,conversions,broad,1048.45,4,27,0,3,0.0321,1.78,4.3
Meta,carousel,conversions,narrow,1120.24,5,83,0,4,0.0394,2.91,4.98
Meta,video,conversions,narrow,1099.74,1,34,1,1,0.0464,2.45,6.13
Google,image,conversions,medium,1151.89,1,38,1,4,0.0269,2.73,3.52
Google,carousel,traffic,narrow,1899.97,2,61,0,6,0.0212,2.87,2.47
Meta,video,conversions,broad,1809.38,5,87,1,3,0.0513,2.72,6.26
Meta,image,conversions,narrow,1757.65,5,53,0,3,0.0523,2.97,4.82
Meta,video,traffic,medium,1612.76,1,65,0,0,0.0245,2.22,2.39
Google,video,conversions,medium,1889.68,5,3,1,0,0.0458,3.57,5.52
Google,carousel,conversions,medium,242.06,2,67,1,5,0.0368,2.75,4.86
Meta,image,traffic,narrow,566.99,2,28,0,6,0.0252,2.05,1.98
Google,carousel,conversions,medium,1015.36,2,14,1,1,0.0373,2.95,4.18
Meta,image,traffic,narrow,1700.74,4,52,1,5,0.0404,2.35,5.39
Meta,video,awareness,broad,1035.07,1,30,0,0,0.0332,1.52,1.42
Google,video,conversions,narrow,1508.67,5,58,0,2,0.0457,3.77,4.96
Google,video,traffic,broad,320.97,2,54,1,1,0.0289,2.72,3.86
Google,video,conversions,broad,542.21,1,69,0,2,0.0201,2.72,2.76
Google,video,conversions,narrow,1476.96,1,15,0,5,0.0294,4.03,2.86
Meta,video,awareness,broad,371.23,4,38,1,0,0.0499,1.65,5.72
Google,image,awareness,narrow,735.14,5,78,0,1,0.0257,2.99,3.59
Meta,image,conversions,broad,566.49,5,14,0,5,0.0287,1.66,3.93
Google,image,traffic,medium,732.23,2,57,0,3,0.0142,1.98,1.93
Meta,image,awareness,medium,1431.23,2,59,1,5,0.0319,1.97,4.44
Google,video,awareness,medium,767.3,1,8,0,6,0.0206,2.77,1.37
Meta,video,traffic,narrow,1132.76,5,72,0,4,0.0375,2.04,4.7
Google,image,conversions,broad,244.87,5,19,0,3,0.025,3.37,2.9
Meta,image,conversions,narrow,1619.78,2,32,0,2,0.0315,3.11,3.22
Google,video,awareness,medium,771.28,3,29,1,3,0.0349,2.26,5.22
Meta,carousel,conversions,medium,1314.64,1,41,1,5,0.0394,2.4,4.62
Meta,carousel,traffic,broad,1464.51,5,75,0,3,0.0356,2.68,2.83
Meta,image,conversions,narrow,458.84,4,45,1,4,0.0476,2.16,5.97
Meta,video,conversions,medium,1775.12,4,13,1,6,0.0512,2.69,6.34
Google,carousel,conversions,medium,1251.64,3,27,1,5,0.0262,3.08,3.9
Meta,image,awareness,broad,886.01,2,19,0,4,0.0169,1.98,1.29
Google,carousel,conversions,narrow,405.55,2,26,0,3,0.035,3.7,3.68
Meta,carousel,traffic,narrow,1887.49,2,53,1,4,0.0389,2.35,4.2
Meta,carousel,conversions,narrow,1522.38,4,51,0,3,0.0373,3.19,4.87
Google,image,conversions,broad,455.65,2,37,0,1,0.0294,3.6,2.8
Google,video,conversions,narrow,708.54,4,9,1,3,0.0601,3.43,6.0
Meta,image,traffic,medium,1628.86,3,52,1,0,0.0373,2.22,3.95
Meta,image,conversions,narrow,1406.57,1,54,0,4,0.0347,2.64,3.13
Google,image,conversions,broad,1543.28,5,3,1,6,0.0259,3.27,4.14
Meta,video,conversions,broad,910.34,3,69,0,4,0.0301,2.22,4.0
Google,video,conversions,medium,1447.13,4,8,1,2,0.0427,3.47,5.4
Google,carousel,awareness,medium,803.66,3,14,0,6,0.0218,2.9,2.11
Google,image,awareness,narrow,461.96,5,3,0,6,0.0296,2.81,4.05
Meta,carousel,conversions,narrow,1283.72,1,24,0,2,0.0192,3.25,3.08
Google,carousel,traffic,narrow,1953.23,5,13,0,0,0.0369,3.74,3.61
Meta,image,awareness,medium,655.67,4,43,0,4,0.0307,1.95,2.18
Meta,image,conversions,medium,948.89,5,29,0,6,0.043,2.13,4.72
Meta,carousel,awareness,broad,1364.3,3,72,1,4,0.0311,1.73,5.04
Meta,image,awareness,medium,1105.94,2,51,0,6,0.0176,1.59,0.71
Google,image,conversions,medium,1694.68,3,42,1,2,0.0206,3.59,4.57
Google,video,conversions,medium,1535.4,4,31,0,2,0.0335,2.9,3.98
Google,image,awareness,medium,163.68,1,63,1,3,0.0285,2.55,2.68
Meta,image,traffic,narrow,1996.92,5,26,0,5,0.0339,2.17,4.39
Meta,video,conversions,medium,1517.18,1,18,0,4,0.0417,2.7,4.15
Meta,video,conversions,medium,1734.61,4,82,0,4,0.0387,2.53,5.21
Google,video,conversions,broad,1319.84,5,57,0,6,0.0357,3.6,4.03
Meta,video,traffic,broad,1719.76,3,7,1,3,0.0332,2.36,3.86
Google,video,traffic,medium,269.15,3,48,1,4,0.0394,2.81,4.67
Meta,image,awareness,narrow,728.09,4,80,0,6,0.0241,2.56,4.05
Meta,carousel,conversions,medium,1759.02,5,60,0,0,0.0415,2.57,4.36
Google,image,traffic,medium,443.23,3,33,0,2,0.0236,2.09,2.09
Meta,video,traffic,narrow,202.57,4,3,0,2,0.0488,1.65,5.87
Google,video,conversions,broad,1586.83,4,4,1,5,0.0369,2.65,5.77
Google,image,conversions,broad,1679.2,1,4,0,2,0.0158,2.98,2.02
Meta,video,awareness,broad,367.17,3,42,0,1,0.0328,1.63,2.43
Meta,carousel,awareness,narrow,1715.97,5,9,0,0,0.0422,2.25,3.69
Meta,image,conversions,broad,1389.2,3,51,0,0,0.0217,2.36,3.08
Google,carousel,traffic,broad,1064.16,3,17,0,3,0.008,2.77,0.9
Meta,video,conversions,medium,1668.99,3,17,0,1,0.0387,2.41,4.89
Google,image,traffic,medium,867.54,4,20,0,4,0.0222,2.22,3.22
Google,video,traffic,broad,428.29,2,14,0,5,0.0192,2.41,1.61
Google,carousel,traffic,medium,605.46,2,22,0,0,0.0238,2.21,2.65
Meta,image,awareness,medium,1035.07,1,52,1,1,0.0288,1.73,3.52
Google,video,traffic,medium,1086.1,3,27,0,1,0.0214,3.03,3.87
Google,video,conversions,medium,1620.88,2,43,0,6,0.0193,3.21,3.06
Meta,video,traffic,narrow,1593.14,1,3,0,0,0.0274,2.91,2.87
Meta,image,conversions,broad,1183.66,4,88,0,6,0.041,2.78,4.65
Google,video,conversions,medium,1572.53,3,8,0,3,0.0356,3.1,4.18
Meta,image,conversions,medium,423.96,5,86,1,1,0.0459,1.79,6.69
Google,video,conversions,narrow,147.63,4,89,1,2,0.0501,3.23,6.58
Meta,image,traffic,medium,1753.59,1,10,0,1,0.0178,2.37,1.69
Meta,carousel,conversions,narrow,197.33,4,29,1,4,0.0568,2.31,5.93
Google,carousel,traffic,narrow,531.04,5,40,0,0,0.0325,3.13,3.62
Meta,carousel,traffic,medium,1405.87,4,65,0,4,0.0339,2.28,2.73
Meta,video,conversions,medium,848.42,1,21,1,3,0.0393,2.02,4.01
Meta,video,awareness,medium,1758.81,5,24,1,5,0.0587,1.82,6.17
Meta,image,conversions,narrow,631.06,5,73,1,2,0.0547,2.8,7.47
Meta,video,conversions,medium,73.15,4,60,0,0,0.0462,2.07,5.41
Meta,image,traffic,narrow,636.28,5,26,0,1,0.0341,1.89,4.01
Google,video,conversions,broad,1177.25,4,9,0,2,0.0373,3.05,4.56
Meta,video,conversions,medium,783.08,3,20,1,1,0.0454,2.21,5.49
Google,video,traffic,medium,1093.0,5,56,0,3,0.0346,2.16,3.01
Meta,carousel,traffic,medium,1759.37,4,36,1,5,0.0492,2.26,3.84
Google,video,conversions,narrow,1829.35,3,36,0,0,0.0328,3.61,3.44
Meta,image,awareness,broad,568.65,5,73,0,3,0.029,0.84,4.03
Google,video,traffic,narrow,951.17,3,22,1,3,0.0462,2.98,4.73
Meta,image,awareness,medium,1120.83,5,1,1,5,0.0436,1.61,5.39
Meta,video,conversions,medium,1900.77,1,69,0,3,0.0287,3.08,4.07
Meta,carousel,traffic,narrow,1997.3,1,73,1,3,0.0484,2.32,3.86
Meta,carousel,awareness,broad,509.04,4,37,0,1,0.0215,1.32,3.01
Meta,video,traffic,medium,1467.61,2,83,0,6,0.0373,2.09,3.56
Meta,carousel,traffic,narrow,787.16,1,72,1,4,0.0441,1.94,3.96
Google,carousel,conversions,narrow,65.81,2,13,1,1,0.0495,2.99,5.54
Meta,carousel,conversions,narrow,68.04,3,84,1,5,0.0401,2.57,5.71
Meta,carousel,conversions,broad,948.1,3,43,1,2,0.0347,1.97,4.65
Google,video,conversions,medium,1002.25,2,37,1,5,0.0465,2.66,6.16
Google,image,awareness,narrow,94.01,4,74,1,5,0.0296,3.25,5.02
Meta,video,conversions,narrow,1389.51,5,25,0,5,0.041,2.99,5.82
Meta,video,awareness,medium,623.31,2,88,1,5,0.0376,1.61,5.6
Meta,carousel,awareness,medium,1141.79,2,21,1,3,0.036,1.84,3.54
Google,video,conversions,medium,636.79,2,41,0,5,0.037,3.14,3.96
Google,image,conversions,medium,375.91,2,73,0,2,0.0201,3.2,2.32
Meta,carousel,awareness,narrow,843.99,2,42,0,5,0.028,1.93,2.53
Google,carousel,awareness,medium,502.93,4,42,1,1,0.0376,2.56,4.24
Google,carousel,conversions,broad,1092.86,1,2,0,3,0.0203,2.98,1.21
Meta,video,conversions,narrow,437.72,5,68,1,1,0.0612,2.47,8.02
Google,video,traffic,medium,1041.39,1,8,0,3,0.0211,2.66,1.87
Meta,image,traffic,medium,356.89,2,61,0,1,0.0122,1.61,1.92
Meta,video,conversions,medium,1358.4,1,14,1,0,0.0364,2.63,5.02
Meta,video,traffic,narrow,1520.18,4,77,0,4,0.0491,2.5,4.57
Meta,video,conversions,broad,265.27,3,21,0,4,0.0349,1.63,3.73
Meta,carousel,conversions,medium,962.21,1,24,0,3,0.0244,1.88,2.57
Google,image,conversions,medium,188.2,5,50,1,0,0.0456,2.75,5.97
Meta,video,conversions,medium,1216.46,4,82,1,2,0.0443,2.91,6.55
Meta,image,conversions,narrow,565.59,3,45,1,0,0.0439,2.31,5.58
Meta,video,conversions,narrow,1078.87,4,64,1,6,0.0567,2.66,7.48
Google,video,conversions,broad,1059.05,2,64,0,3,0.0238,2.96,2.83
Meta,carousel,conversions,narrow,1852.49,3,26,0,0,0.0385,2.79,3.63
Meta,image,conversions,medium,1120.71,5,32,0,2,0.0341,2.39,3.55
Meta,carousel,awareness,medium,1186.85,3,57,0,3,0.021,2.28,3.07
Meta,video,conversions,medium,833.22,5,53,0,4,0.0439,2.39,5.2
Google,carousel,conversions,medium,1900.71,2,33,0,5,0.0174,3.13,2.41
Google,image,traffic,medium,1565.51,5,52,1,0,0.0368,3.6,5.13
Meta,image,awareness,narrow,606.54,4,18,0,4,0.0409,2.11,3.46
Google,image,conversions,medium,1696.21,1,35,1,4,0.0266,3.14,2.91
Google,carousel,traffic,medium,893.17,4,12,1,1,0.0301,2.99,4.01
Google,image,traffic,medium,1665.9,4,51,1,2,0.0324,2.66,4.45
Meta,image,traffic,narrow,1654.63,3,89,1,6,0.0368,2.9,4.82
Meta,carousel,conversions,medium,418.3,2,10,1,5,0.042,1.86,5.46
Meta,carousel,traffic,narrow,1417.23,1,52,0,0,0.0273,2.75,1.04
Google,image,conversions,narrow,616.75,5,34,0,4,0.0445,3.45,5.05
Meta,image,traffic,narrow,630.11,3,67,0,4,0.0368,2.48,3.81
Meta,video,traffic,broad,627.88,2,39,0,6,0.0262,2.26,2.72
Meta,video,conversions,narrow,1464.86,1,8,1,2,0.0506,2.5,3.79
Google,image,awareness,narrow,498.16,4,29,1,5,0.037,3.23,5.3
Meta,carousel,conversions,narrow,51.77,2,22,1,5,0.0452,1.99,4.81
Google,carousel,awareness,narrow,1444.71,2,84,0,6,0.0242,2.82,2.23
Google,video,conversions,medium,383.81,2,70,1,4,0.0428,2.67,5.13
Meta,image,conversions,narrow,253.74,4,61,0,4,0.0452,2.63,4.92
Google,video,conversions,narrow,513.16,5,43,1,4,0.058,3.36,7.25
Meta,carousel,awareness,medium,790.81,3,49,0,4,0.0326,1.69,3.33
Google,carousel,conversions,medium,978.02,5,29,0,1,0.0376,3.14,4.29
Meta,image,conversions,broad,136.91,1,81,0,1,0.0228,2.22,2.59
Google,carousel,conversions,medium,1942.62,3,31,1,6,0.0313,3.58,4.59
Google,image,traffic,narrow,1446.32,1,53,0,5,0.0285,3.46,1.33
Google,image,traffic,medium,680.23,4,34,0,3,0.032,3.05,2.24
Google,video,conversions,narrow,671.46,5,38,1,0,0.0528,3.4,7.24
Meta,image,conversions,medium,924.66,2,57,1,2,0.0341,2.12,5.19
Google,image,conversions,medium,1271.18,3,4,0,3,0.0271,3.37,3.05
Google,image,conversions,narrow,335.43,2,2,1,1,0.0398,2.96,4.36
Meta,video,conversions,medium,418.41,1,12,0,1,0.03,1.92,3.64
Meta,carousel,traffic,broad,1725.9,2,35,0,1,0.0157,2.32,1.07
Google,video,conversions,broad,549.7,2,70,0,3,0.0275,2.93,3.59
Google,image,conversions,medium,791.38,4,72,0,1,0.0298,2.67,3.53
Google,image,conversions,medium,1748.98,4,21,0,3,0.0306,2.88,4.2
Meta,image,awareness,narrow,1343.14,5,61,0,1,0.0387,2.32,3.49
Google,image,awareness,narrow,716.34,1,35,0,4,0.0186,3.26,2.5
Meta,video,awareness,medium,1383.21,4,48,1,4,0.051,2.25,5.45
Google,video,conversions,medium,88.38,4,15,1,0,0.0453,2.86,5.53
Meta,image,conversions,broad,1484.5,5,71,0,1,0.0297,3.05,4.08
Google,image,conversions,medium,999.68,3,15,0,6,0.0231,3.07,2.38
Google,video,conversions,medium,1635.71,5,6,1,0,0.0393,3.25,5.83
Meta,image,traffic,medium,1911.54,2,81,1,3,0.0311,1.3,3.84
Google,image,traffic,broad,1855.29,2,68,1,0,0.0274,2.72,2.83
Meta,image,awareness,medium,1823.07,4,22,0,1,0.0297,2.3,3.2
Google,carousel,awareness,medium,1048.73,4,32,0,3,0.0336,3.08,2.18
Google,video,conversions,medium,752.28,5,22,1,6,0.0467,2.78,5.82
Meta,video,traffic,broad,956.82,5,27,0,3,0.0384,1.93,3.25
Google,carousel,conversions,narrow,1395.3,1,15,1,4,0.041,3.93,3.86
Google,image,conversions,broad,1773.8,2,44,1,3,0.0397,3.34,4.63
Meta,image,traffic,medium,453.62,5,86,0,3,0.0317,0.95,3.6
Meta,carousel,conversions,medium,1840.48,3,9,0,0,0.0268,2.63,2.79
Google,carousel,conversions,medium,1639.6,1,34,1,6,0.0352,3.52,3.79
Google,carousel,conversions,medium,1958.77,5,73,0,5,0.0423,3.1,4.05
Google,image,traffic,narrow,1766.49,4,15,0,3,0.0274,3.15,4.01
Google,image,traffic,broad,595.88,5,62,1,2,0.0372,2.13,4.58
Meta,image,conversions,medium,256.61,4,45,1,5,0.0481,1.31,6.12
Google,video,awareness,medium,268.87,4,84,0,4,0.0361,2.69,4.12
Meta,image,conversions,narrow,617.89,2,72,0,6,0.0326,2.58,4.2
Meta,video,conversions,medium,1247.66,2,58,1,6,0.0405,2.85,5.48
Meta,carousel,traffic,medium,1618.42,5,19,1,4,0.0436,2.24,5.05
Meta,image,traffic,medium,1803.54,5,16,1,3,0.0433,1.93,6.18
Meta,image,awareness,medium,1266.32,3,75,1,0,0.0395,1.85,4.59
Meta,video,conversions,medium,60.98,1,8,0,5,0.0327,2.19,2.94
Google,video,traffic,broad,413.32,1,33,0,4,0.0171,2.71,1.16
Meta,video,traffic,medium,244.47,5,74,0,4,0.0418,1.67,3.75
Meta,image,awareness,broad,758.48,2,18,0,2,0.0233,2.06,2.16
Meta,video,conversions,narrow,1027.63,3,35,0,3,0.0449,2.62,3.59
Meta,image,traffic,medium,134.62,1,43,0,5,0.0148,1.24,1.78
Meta,carousel,traffic,medium,729.53,5,50,1,4,0.0431,1.7,5.3
Meta,carousel,conversions,medium,399.4,2,3,1,6,0.0437,2.18,5.78
Google,image,conversions,broad,1311.79,2,59,1,4,0.0211,2.83,2.87
Google,video,conversions,narrow,955.33,2,28,0,4,0.0245,3.09,3.08
Google,carousel,traffic,narrow,1015.87,4,46,0,4,0.0395,3.14,3.25
Meta,carousel,awareness,broad,884.0,2,64,0,0,0.0246,1.64,2.02
Meta,video,traffic,narrow,1914.24,5,70,1,1,0.058,2.42,6.49
Google,image,traffic,medium,468.73,3,47,0,2,0.0146,2.33,2.05
Meta,video,traffic,medium,1057.5,5,14,0,6,0.0427,2.27,3.55
Meta,carousel,conversions,broad,1485.23,2,7,0,0,0.0274,2.82,2.6
Meta,carousel,conversions,narrow,1135.85,3,74,1,2,0.0401,2.37,4.68
Meta,video,conversions,narrow,1861.59,1,79,1,4,0.0541,2.8,5.85
Meta,carousel,conversions,medium,787.04,1,31,1,2,0.0368,2.49,3.91
Meta,image,conversions,broad,954.17,5,81,0,3,0.03,2.47,4.67
Meta,carousel,traffic,medium,222.62,3,51,0,3,0.0261,1.55,3.67
Meta,image,conversions,medium,1237.55,5,29,0,1,0.0249,2.03,3.99
Google,carousel,conversions,medium,612.01,3,15,0,1,0.03,2.78,3.62
Google,video,conversions,broad,362.6,3,76,0,2,0.0303,2.75,3.42
Google,video,conversions,broad,1111.84,5,25,0,0,0.034,3.22,3.59
Google,video,awareness,broad,1088.01,3,61,0,0,0.0314,3.14,3.51
Google,carousel,awareness,narrow,197.95,2,41,0,4,0.0191,2.55,2.46
Meta,carousel,traffic,narrow,1411.52,3,69,0,0,0.031,2.02,3.4
Meta,carousel,conversions,medium,1266.36,3,4,1,1,0.0377,2.35,5.25
Meta,carousel,traffic,broad,418.58,5,57,1,0,0.0396,1.94,5.16
Google,video,awareness,narrow,965.4,1,31,1,4,0.0383,2.56,4.19
Google,video,traffic,narrow,1454.63,4,3,0,3,0.0392,3.57,2.92
Meta,video,conversions,broad,1082.4,3,67,0,0,0.0323,2.27,3.83
Google,video,traffic,narrow,821.2,4,50,1,0,0.0426,2.73,5.9
Meta,video,awareness,medium,678.56,3,17,0,1,0.0414,1.22,3.52
Google,image,traffic,medium,1240.27,5,60,1,2,0.0481,2.88,5.47
Meta,video,traffic,medium,1881.26,5,74,0,3,0.0397,2.01,4.69
Meta,video,conversions,broad,1359.9,3,66,1,2,0.0402,2.46,5.14
Meta,video,traffic,medium,195.75,5,88,1,4,0.0564,1.29,5.9
Meta,video,conversions,medium,948.34,5,75,1,4,0.0458,2.19,6.82
Meta,carousel,traffic,medium,1787.11,3,24,1,2,0.0363,1.89,4.02
Meta,carousel,conversions,medium,234.2,1,87,0,1,0.0225,2.04,2.99
Google,carousel,conversions,medium,1978.31,3,32,0,5,0.0212,3.19,2.4
Meta,image,conversions,narrow,1900.69,1,87,0,1,0.0276,2.51,3.03
Meta,video,traffic,narrow,202.64,5,19,0,5,0.0407,2.78,5.09
Google,carousel,conversions,narrow,1870.16,1,66,0,5,0.0271,3.35,2.81
Google,video,traffic,narrow,758.11,5,60,0,1,0.0401,2.98,4.09
Meta,video,traffic,medium,1697.18,1,66,1,5,0.0339,1.48,4.36
Meta,video,conversions,broad,865.85,1,15,0,5,0.0261,1.66,3.56
Meta,video,conversions,broad,909.67,3,85,0,5,0.0328,2.3,4.22
Meta,video,conversions,broad,1286.77,1,35,0,3,0.032,2.44,3.24
Google,video,awareness,medium,1560.23,5,69,0,4,0.0333,3.15,3.44
Meta,image,traffic,medium,115.89,3,27,0,5,0.0291,1.65,3.21
Meta,video,conversions,medium,1206.65,1,88,1,4,0.0439,2.32,6.46
Google,video,conversions,narrow,414.13,3,7,0,6,0.0409,3.04,3.75
Meta,carousel,traffic,narrow,724.6,4,6,0,4,0.0439,2.57,3.01
Meta,video,awareness,medium,728.54,3,33,0,6,0.0274,2.0,3.32
Meta,video,awareness,broad,964.67,4,58,0,3,0.0306,1.42,4.09
Google,carousel,traffic,narrow,701.57,4,49,1,4,0.0508,2.92,5.06
Meta,video,conversions,narrow,259.35,3,17,0,2,0.0417,2.52,4.1
Google,video,conversions,broad,333.98,5,42,0,0,0.0209,2.8,3.94
Meta,image,conversions,narrow,115.2,5,72,0,3,0.04,2.67,5.37
Meta,video,conversions,broad,966.99,5,40,1,0,0.0507,2.54,6.22
Google,image,conversions,broad,1911.17,2,46,0,2,0.0049,3.32,2.09
Google,carousel,conversions,broad,275.57,4,71,1,1,0.0437,2.8,5.69
Google,video,conversions,medium,1895.22,3,70,0,1,0.0284,3.82,3.71
Google,image,awareness,medium,1480.05,5,68,0,5,0.0276,3.02,3.11
Google,image,traffic,medium,1293.12,5,1,1,1,0.0349,2.71,4.88
Meta,video,awareness,medium,1308.29,3,79,0,3,0.0266,1.4,3.16
Meta,image,traffic,medium,1662.12,4,89,0,1,0.0226,2.1,2.75
Google,video,conversions,narrow,258.49,3,52,0,3,0.0333,3.49,4.02
Meta,image,traffic,medium,1034.27,2,35,0,3,0.0274,0.98,2.2
Google,video,conversions,medium,1409.33,2,69,1,0,0.0383,3.3,4.59
Google,image,traffic,broad,1194.3,3,5,0,1,0.0144,2.53,2.42
Meta,video,conversions,broad,1673.92,4,17,1,4,0.0423,2.44,6.84
Meta,carousel,awareness,medium,190.93,5,53,0,6,0.04,1.29,3.76
Google,video,conversions,narrow,1396.87,2,52,0,1,0.0423,3.57,3.97
Meta,image,conversions,broad,1091.35,2,14,1,1,0.0389,2.75,4.11
Google,image,awareness,medium,789.36,4,29,0,1,0.0255,2.4,3.14
Meta,image,conversions,broad,713.54,2,8,0,5,0.0244,2.5,3.09
Google,image,traffic,broad,1260.62,2,1,0,4,0.0079,2.44,0.1
Meta,image,traffic,narrow,1787.44,4,29,0,4,0.0328,2.66,3.72
Google,carousel,awareness,broad,1017.54,3,36,1,3,0.0266,2.61,2.76
Meta,carousel,awareness,narrow,1658.21,5,51,0,4,0.0309,2.5,4.88
Meta,video,awareness,medium,834.2,5,37,0,3,0.0443,1.75,4.66
Meta,image,conversions,medium,249.67,2,69,1,6,0.0325,2.27,4.37
Google,carousel,awareness,narrow,169.94,5,53,0,0,0.041,1.98,3.9
Google,carousel,traffic,broad,150.1,3,52,0,3,0.0244,1.92,1.95
Meta,carousel,traffic,narrow,791.29,2,88,0,1,0.0338,2.26,3.37
Meta,video,conversions,narrow,707.61,5,83,1,2,0.0621,2.0,8.32
Meta,video,traffic,medium,1449.98,1,12,1,2,0.0339,1.78,3.42
Google,image,awareness,broad,1498.5,1,52,1,5,0.0303,2.73,3.67
Google,image,awareness,broad,149.17,1,1,0,1,0.0112,2.1,1.51
Meta,image,conversions,broad,481.19,1,7,1,3,0.0315,1.94,3.34
Meta,image,conversions,medium,584.81,1,17,0,1,0.0198,2.26,2.37
Meta,carousel,conversions,medium,1117.84,2,43,0,5,0.0243,2.64,3.75
Meta,video,awareness,narrow,331.8,4,71,1,4,0.0544,1.71,7.06
Meta,carousel,traffic,narrow,311.19,4,17,0,3,0.0381,1.82,3.52
Google,image,conversions,medium,1890.39,2,59,0,6,0.0171,3.15,2.85
Meta,video,conversions,medium,1618.2,2,3,1,1,0.0368,1.76,6.7
Google,image,conversions,medium,402.28,3,29,1,4,0.0277,2.96,4.47
Meta,carousel,conversions,broad,842.81,4,22,0,5,0.038,2.53,3.26
Meta,video,awareness,medium,743.46,1,38,0,4,0.0239,2.03,2.47
Google,video,traffic,narrow,1592.46,2,54,0,3,0.0293,2.92,3.13
Google,carousel,conversions,narrow,1044.92,1,50,0,5,0.0343,3.14,2.57
Google,video,traffic,broad,299.31,4,69,0,5,0.0224,2.4,3.27
Meta,image,conversions,broad,1491.03,5,30,0,5,0.0284,2.7,3.17
Meta,image,awareness,broad,823.93,5,23,1,0,0.0342,1.79,4.42
Google,image,conversions,narrow,562.7,2,85,0,5,0.0351,3.46,3.76
Meta,image,conversions,broad,782.22,3,47,0,0,0.036,2.58,2.39
Meta,video,conversions,narrow,1020.63,1,21,0,4,0.0408,2.48,4.29
Meta,image,traffic,narrow,719.08,2,20,0,6,0.0319,2.05,1.73
Meta,video,traffic,broad,521.72,3,23,0,0,0.0271,2.15,1.97
Google,image,traffic,narrow,827.08,1,68,1,4,0.0397,2.89,3.55
Meta,video,conversions,medium,87.39,4,21,1,0,0.0513,1.65,6.56
Meta,image,conversions,narrow,1556.37,5,21,0,4,0.0453,2.67,5.55
Meta,video,conversions,medium,383.34,3,1,1,4,0.0465,1.83,5.8
Meta,video,traffic,broad,135.61,1,15,0,6,0.0227,1.65,1.88
Meta,video,conversions,medium,1324.71,2,17,1,5,0.0523,2.13,5.8
Meta,video,traffic,medium,1559.18,1,51,0,6,0.0297,2.05,2.13
Meta,carousel,awareness,narrow,1636.97,2,63,1,6,0.0483,2.17,4.85
Google,video,awareness,medium,1012.34,5,14,0,5,0.0353,1.97,3.19
Meta,carousel,conversions,medium,450.47,5,59,0,4,0.0338,2.23,4.5
Meta,carousel,conversions,narrow,1487.59,1,83,1,5,0.0391,2.89,4.9
Google,image,conversions,medium,1414.44,1,50,0,4,0.0185,3.38,1.57
Google,video,traffic,narrow,530.23,2,34,0,5,0.0279,2.66,3.0
Meta,video,awareness,broad,1811.65,2,6,0,2,0.0215,1.81,2.38
Meta,carousel,conversions,medium,253.52,3,49,1,0,0.048,2.2,5.98
Meta,video,conversions,narrow,1966.24,3,6,0,6,0.0403,3.45,3.55
Google,video,awareness,medium,1727.48,3,69,0,4,0.0287,2.82,2.95
Google,image,awareness,medium,1391.4,1,7,1,1,0.0255,2.84,2.3
Google,carousel,conversions,broad,1880.56,3,77,0,5,0.0211,3.27,3.13
Meta,carousel,traffic,broad,1458.51,1,51,0,5,0.0263,1.47,2.09
Google,video,conversions,medium,421.39,5,1,1,3,0.0424,3.22,6.16
Meta,image,conversions,broad,912.2,4,13,1,1,0.0403,2.55,4.72
Meta,video,awareness,medium,189.43,5,43,1,1,0.0502,1.77,6.53
Meta,video,awareness,narrow,809.83,1,27,0,6,0.0327,2.09,2.22
Google,carousel,traffic,medium,1496.13,1,71,0,2,0.0105,2.93,0.35
Meta,video,conversions,medium,803.56,4,3,1,0,0.0544,2.51,5.56
Google,video,awareness,medium,694.07,2,58,1,2,0.0387,2.99,4.18
Meta,video,conversions,broad,1210.94,2,89,1,0,0.0376,2.66,5.55
Meta,carousel,conversions,medium,1750.8,2,17,0,4,0.0325,2.54,1.45
Meta,carousel,traffic,broad,142.79,3,45,0,6,0.0269,1.15,3.22
Meta,image,conversions,broad,801.67,2,78,0,2,0.0166,2.29,2.77
Google,carousel,traffic,medium,358.57,3,58,1,3,0.0287,2.48,3.12
Meta,video,traffic,medium,1405.94,3,56,0,0,0.0387,2.13,3.61
Google,image,conversions,medium,256.16,2,54,0,2,0.0225,3.28,3.04
Google,video,conversions,broad,1346.38,2,87,0,6,0.0232,3.18,3.31
Google,video,conversions,medium,608.05,4,88,0,3,0.0307,3.61,4.73
Meta,image,conversions,narrow,437.89,4,29,0,6,0.0354,2.0,3.79
Meta,carousel,traffic,medium,1875.89,3,54,1,1,0.0358,2.19,4.17
Meta,video,awareness,medium,86.12,4,27,0,5,0.0318,1.29,3.37
Google,video,conversions,narrow,903.67,3,45,0,4,0.0293,2.9,5.01
Google,video,conversions,narrow,92.17,1,87,0,6,0.0377,3.17,4.02
Meta,video,traffic,medium,993.01,3,31,1,4,0.0479,1.36,6.68
Google,carousel,awareness,medium,1027.04,3,36,1,6,0.0266,2.56,3.49
Meta,image,conversions,medium,677.24,4,81,1,1,0.0427,2.21,5.5
Google,image,conversions,narrow,307.72,1,61,1,6,0.0295,3.63,4.13
Meta,carousel,traffic,narrow,783.96,5,37,0,6,0.0387,1.68,4.93
Google,video,conversions,medium,1360.91,5,67,1,2,0.0463,3.48,6.12
Meta,image,conversions,medium,1575.67,5,36,1,5,0.0429,2.5,6.02
Google,image,traffic,narrow,1084.96,1,5,0,1,0.03,3.33,1.71
Google,image,traffic,medium,1200.18,2,46,0,3,0.0148,2.53,1.67
Google,carousel,traffic,medium,441.2,1,79,1,5,0.023,2.03,2.87
Meta,carousel,traffic,narrow,610.29,4,52,1,0,0.0432,1.72,5.44
Meta,video,traffic,narrow,365.7,3,49,0,2,0.0442,1.62,4.14
Meta,carousel,conversions,narrow,536.13,3,6,1,5,0.0397,2.7,5.38
Meta,video,conversions,broad,488.53,4,10,0,0,0.0332,2.59,4.47
Meta,video,conversions,broad,1062.93,4,23,0,1,0.0442,2.15,5.26
Google,video,conversions,broad,1147.24,3,17,1,6,0.0402,3.33,4.41
Meta,video,traffic,broad,1892.65,2,84,0,4,0.028,1.61,2.71
Meta,image,awareness,medium,431.36,2,44,1,5,0.0427,1.68,3.75
Meta,image,awareness,medium,1301.27,2,41,0,5,0.0232,2.09,2.27
Meta,carousel,traffic,medium,1643.66,4,15,0,0,0.0275,1.56,2.75
Google,image,conversions,narrow,1142.47,3,44,0,0,0.0286,3.48,3.54
Meta,image,conversions,medium,547.26,3,58,0,4,0.0233,2.38,3.96
Google,video,awareness,broad,561.97,3,86,0,0,0.0313,1.59,1.82
Meta,video,traffic,medium,126.54,1,50,1,0,0.0399,1.94,4.53
Google,image,traffic,medium,645.62,1,52,0,5,0.0196,2.6,1.13
Google,image,traffic,narrow,1501.98,5,70,0,4,0.0381,3.37,4.01
Meta,carousel,traffic,medium,142.66,1,68,0,4,0.0199,1.42,1.54
Google,video,awareness,medium,477.63,2,63,1,6,0.0303,1.93,4.87
Meta,video,conversions,broad,1427.15,2,58,0,5,0.0307,2.59,3.88
Google,image,traffic,medium,1576.17,2,23,0,6,0.0126,2.75,1.72
Meta,video,awareness,broad,937.87,2,44,0,1,0.0278,1.79,3.04
Google,video,conversions,medium,1411.24,5,83,0,1,0.0437,3.55,4.45
Google,image,traffic,broad,806.51,2,44,0,5,0.0132,2.77,0.94
Google,video,conversions,medium,361.83,4,52,1,0,0.0457,3.48,6.18
Google,image,awareness,medium,826.39,4,67,1,2,0.0325,2.59,4.02
Meta,video,conversions,medium,1180.94,4,28,0,1,0.044,2.15,5.43
Meta,video,traffic,broad,1898.7,1,67,1,1,0.0307,2.01,3.72
Meta,video,conversions,broad,184.06,3,78,1,5,0.033,2.18,5.81
Meta,carousel,traffic,narrow,1039.42,5,18,1,6,0.0524,2.52,6.79
Google,video,conversions,narrow,691.39,4,27,1,5,0.0559,2.97,6.12
Meta,carousel,conversions,broad,1041.21,4,51,1,2,0.0442,2.31,5.44
Google,video,conversions,medium,96.75,2,60,0,2,0.0258,3.31,3.71
Google,carousel,awareness,medium,660.4,4,74,0,4,0.0203,2.43,3.21
Google,video,conversions,medium,1648.74,2,49,0,5,0.0315,3.57,3.02
Meta,image,conversions,narrow,1130.19,2,15,1,1,0.0427,2.89,4.8
Google,image,traffic,broad,928.64,3,83,0,6,0.0164,2.87,1.8
Google,carousel,traffic,broad,606.77,1,73,0,6,0.0231,2.24,2.04
Meta,video,awareness,medium,631.18,2,68,0,3,0.0253,1.45,2.95
Google,video,conversions,medium,797.05,2,15,1,3,0.0479,3.05,4.97
Google,video,traffic,broad,1679.36,3,51,1,0,0.0352,2.34,4.1
Meta,carousel,conversions,narrow,1936.07,2,48,0,1,0.0258,2.9,3.76
Meta,image,conversions,broad,905.38,5,72,0,3,0.0311,2.35,4.23
Meta,carousel,traffic,narrow,817.04,1,1,1,6,0.0428,2.68,3.32
Meta,video,traffic,medium,1700.77,5,7,0,1,0.0372,2.13,3.57
Meta,video,traffic,broad,882.47,4,53,0,5,0.0256,1.95,2.42
Meta,video,conversions,medium,1126.44,1,31,0,1,0.0302,2.69,2.72
Meta,carousel,conversions,medium,500.34,4,18,1,3,0.0407,1.86,5.94
Meta,image,conversions,medium,1499.83,2,12,0,6,0.0285,2.4,3.52
Google,carousel,awareness,medium,1087.38,3,48,0,1,0.0269,3.35,2.48
Meta,video,conversions,narrow,1627.62,5,30,1,2,0.0537,2.86,7.45
Google,image,conversions,broad,1572.43,4,7,0,0,0.0205,3.61,2.56
Meta,image,conversions,broad,469.26,2,3,0,4,0.0268,2.43,2.85
Meta,video,traffic,medium,1445.49,5,63,0,6,0.0347,1.49,4.59
Meta,carousel,conversions,medium,1610.11,5,6,1,3,0.0426,2.58,6.67
Meta,carousel,awareness,narrow,724.91,4,15,0,5,0.0311,2.16,3.42
Meta,carousel,conversions,narrow,386.59,2,71,1,4,0.0468,2.61,6.18
Google,image,awareness,medium,55.13,3,43,1,0,0.0315,2.09,4.39
Meta,video,conversions,broad,929.26,4,81,1,6,0.0436,1.94,6.6
Google,video,traffic,medium,737.24,5,18,1,6,0.044,2.38,4.4
Google,carousel,awareness,broad,1132.07,5,22,1,2,0.0436,2.61,4.94
Meta,video,conversions,narrow,416.68,1,61,1,2,0.0421,2.88,5.44
Meta,image,awareness,medium,1726.35,2,61,1,2,0.0222,2.56,3.45
Google,image,conversions,narrow,552.62,1,53,1,2,0.0363,3.78,3.52
Meta,image,awareness,medium,491.54,3,26,1,3,0.0344,1.91,4.25
Meta,carousel,traffic,narrow,987.39,4,40,0,6,0.0334,1.89,3.73
Google,video,conversions,broad,1022.76,5,88,0,3,0.0383,2.98,3.91
Meta,video,conversions,narrow,469.42,2,8,0,1,0.0442,2.6,3.47
Google,video,conversions,broad,580.13,5,21,1,5,0.034,2.78,5.88
Google,image,conversions,medium,380.93,1,43,1,1,0.0247,3.09,4.05
Meta,video,conversions,broad,1451.0,1,21,0,5,0.0396,2.65,3.07
Meta,video,conversions,medium,1551.67,4,3,0,0,0.0429,2.63,5.03
Meta,carousel,conversions,broad,951.54,2,31,0,1,0.0294,2.59,2.6
Meta,carousel,traffic,narrow,1442.47,2,27,0,0,0.0369,2.06,2.85
Meta,video,conversions,broad,1485.07,4,27,1,0,0.0471,2.73,5.39
Google,video,conversions,broad,319.64,1,73,0,0,0.027,2.69,1.93
Meta,carousel,traffic,narrow,1934.05,1,57,0,2,0.0316,2.2,3.44
Meta,video,conversions,narrow,1651.01,1,33,0,4,0.0397,3.05,4.33
Google,video,conversions,medium,448.74,5,44,0,4,0.0364,3.3,3.82
Google,video,conversions,broad,413.02,3,43,1,3,0.0399,3.07,5.1
Google,image,awareness,medium,295.04,1,31,0,0,0.0111,2.39,1.06
Meta,video,awareness,medium,319.84,3,65,1,2,0.0431,1.69,5.15
Google,carousel,conversions,narrow,1508.92,3,84,0,1,0.0272,3.69,3.37
Meta,image,traffic,narrow,965.83,2,76,0,1,0.024,1.85,3.12
Meta,image,traffic,broad,1576.72,4,17,1,3,0.0336,1.6,4.76
Meta,video,traffic,narrow,1505.2,5,15,1,3,0.0503,2.33,6.52
Google,image,traffic,medium,1228.99,3,34,0,0,0.0175,2.69,1.94
Meta,image,traffic,broad,1388.41,5,80,0,0,0.0272,1.92,3.33
Meta,carousel,conversions,narrow,85.79,2,4,0,1,0.037,2.63,3.91
Meta,carousel,conversions,medium,657.97,1,72,1,1,0.0407,2.13,4.82
Meta,image,conversions,narrow,1293.75,3,89,0,1,0.0327,2.96,4.19
Google,carousel,awareness,medium,68.22,4,79,0,1,0.0327,2.28,3.02
Google,carousel,traffic,narrow,114.31,2,28,1,4,0.0407,3.28,4.09
Google,carousel,awareness,broad,1711.18,5,73,0,0,0.0285,2.84,2.67
Meta,video,awareness,medium,1383.85,1,2,0,0,0.0278,2.62,2.55
Meta,video,conversions,medium,567.47,5,17,0,1,0.0446,2.28,4.49
Meta,video,traffic,medium,1391.53,4,58,1,2,0.0519,1.85,5.58
Meta,image,traffic,narrow,1595.29,3,74,0,1,0.0371,2.11,3.84
Meta,image,awareness,broad,648.25,4,9,1,5,0.0417,1.26,3.96
Google,image,awareness,medium,120.27,5,31,0,6,0.0262,2.04,2.3
Meta,carousel,traffic,medium,1868.92,5,66,1,6,0.0468,1.8,5.57
Meta,carousel,conversions,narrow,723.1,4,88,0,3,0.0477,2.74,4.05
Meta,carousel,traffic,medium,257.64,4,62,0,5,0.0279,1.42,2.67
Meta,video,conversions,narrow,1009.12,4,19,1,2,0.0544,2.76,7.12
Meta,image,traffic,medium,1548.51,1,81,1,3,0.0291,2.35,3.46
Google,video,awareness,narrow,482.21,5,74,1,6,0.0545,2.82,6.98
Google,video,conversions,broad,575.51,2,55,1,2,0.0406,3.6,4.0
Google,video,traffic,narrow,523.29,1,28,0,3,0.0268,2.5,2.44
Meta,video,conversions,broad,1983.76,1,50,0,1,0.0205,2.55,2.98
Meta,image,conversions,broad,434.94,1,65,0,1,0.0212,1.97,1.81
Meta,carousel,conversions,narrow,1172.26,2,3,1,2,0.0404,3.03,5.43
Meta,video,traffic,medium,1854.27,4,79,0,3,0.0286,1.38,4.29
Google,image,awareness,narrow,336.45,5,52,1,4,0.0357,2.37,4.52
Meta,image,awareness,medium,1943.17,3,10,0,2,0.0266,2.05,2.46
Meta,video,conversions,broad,1897.58,3,21,1,2,0.0508,3.03,5.62
Meta,image,awareness,medium,1774.92,5,37,0,5,0.0312,2.1,3.21
Meta,video,traffic,medium,468.39,2,15,0,0,0.0311,1.24,2.22
Google,image,conversions,narrow,1286.41,3,87,1,2,0.0459,3.23,5.7
Meta,image,conversions,medium,1533.74,1,78,0,4,0.0153,2.96,3.55
Meta,video,conversions,narrow,1972.75,3,79,1,1,0.0556,2.81,6.5
Meta,video,awareness,broad,401.83,5,74,1,3,0.0459,1.34,6.75
Meta,image,traffic,medium,1543.75,1,9,0,0,0.0218,2.41,1.13
Google,carousel,traffic,broad,710.66,3,44,1,3,0.0276,2.82,3.54
Google,video,conversions,narrow,392.47,5,39,1,1,0.0499,3.7,7.06
Google,image,traffic,medium,871.69,2,5,1,2,0.0277,2.28,3.22
Google,image,conversions,medium,1597.98,5,25,0,5,0.0382,2.82,3.79
Meta,carousel,conversions,narrow,956.46,2,56,0,4,0.0393,2.73,4.11
Google,carousel,traffic,medium,1098.17,1,64,1,0,0.0245,2.73,3.94
Meta,image,conversions,broad,1990.56,5,72,1,4,0.0353,2.71,5.81
Meta,image,awareness,broad,828.26,4,86,0,6,0.0166,2.19,2.51
Google,carousel,conversions,medium,1250.03,4,52,0,4,0.0366,2.65,3.59
Meta,video,traffic,medium,762.23,4,89,0,4,0.0312,1.99,5.28
Google,video,conversions,narrow,815.93,4,76,0,4,0.0394,3.12,4.95
Meta,video,traffic,broad,1406.5,4,9,1,1,0.0496,2.18,4.81
Google,carousel,conversions,narrow,1878.88,2,10,1,4,0.0319,3.62,3.8
Google,carousel,conversions,broad,1107.6,5,10,0,5,0.0375,2.89,2.61
Google,video,awareness,medium,1548.38,1,73,1,4,0.0307,2.58,3.99
Google,image,conversions,medium,223.95,4,62,0,1,0.0213,2.43,3.81
Google,image,awareness,broad,461.76,4,60,1,3,0.0288,2.45,3.82
Meta,video,awareness,narrow,1029.16,1,19,0,1,0.0294,1.98,2.89
Meta,carousel,conversions,medium,89.02,1,38,0,6,0.0282,2.26,2.04
Meta,video,conversions,medium,543.07,4,6,1,6,0.0468,2.35,6.16
Google,video,traffic,narrow,1058.93,2,15,0,5,0.0214,3.52,2.75
Meta,image,awareness,medium,79.17,1,47,0,5,0.0179,1.63,1.52
Google,image,awareness,medium,565.87,5,45,0,2,0.0192,2.63,3.75
Meta,video,traffic,broad,1052.36,5,5,0,1,0.037,2.24,3.3
Meta,image,traffic,narrow,1167.64,2,78,0,3,0.0221,2.06,3.0
Google,image,conversions,broad,1855.22,3,53,0,2,0.0186,2.91,3.01
Meta,video,awareness,narrow,1308.42,2,66,1,2,0.0469,2.35,5.3
Meta,video,awareness,narrow,858.73,4,62,1,0,0.0509,1.73,6.22
Meta,image,conversions,narrow,1864.18,3,23,0,4,0.0363,3.7,3.0
Google,video,conversions,narrow,1580.52,4,44,1,2,0.0544,4.11,6.99
Google,carousel,conversions,narrow,440.02,5,52,0,2,0.0332,3.98,4.17
Meta,carousel,conversions,broad,305.14,1,46,0,5,0.0227,2.11,2.56
Meta,carousel,awareness,medium,1367.83,4,19,0,3,0.0144,2.08,3.01
Meta,video,conversions,narrow,1141.77,5,88,0,2,0.0502,2.6,5.66
Google,carousel,conversions,narrow,1589.86,2,84,1,6,0.0385,3.94,4.75
Google,image,conversions,broad,1490.67,4,47,0,3,0.0191,2.88,3.63
Meta,video,awareness,broad,1269.16,5,52,1,4,0.0476,1.12,5.36
Meta,video,traffic,narrow,1973.45,1,24,0,6,0.0389,2.25,4.12
Meta,video,conversions,narrow,1090.5,4,17,0,5,0.0436,2.29,4.74
Google,image,conversions,narrow,270.56,5,89,1,6,0.0413,3.72,5.59
Google,image,awareness,narrow,1665.13,4,46,0,0,0.0298,3.74,3.07
Meta,video,awareness,narrow,541.11,1,64,0,0,0.0263,1.64,4.26
Meta,image,conversions,medium,1565.74,4,28,0,4,0.0287,2.86,2.7
Meta,video,conversions,narrow,1916.36,4,50,0,4,0.0521,3.26,5.2
Google,image,conversions,medium,1408.75,5,64,1,6,0.0403,2.75,5.95
Meta,video,conversions,narrow,1212.26,3,28,0,5,0.0336,2.65,4.52
Google,carousel,traffic,broad,947.75,4,86,0,5,0.014,2.41,2.57
Google,carousel,awareness,broad,760.6,3,56,1,1,0.0308,2.75,3.22
Meta,image,conversions,medium,738.36,2,59,0,2,0.0303,1.85,2.96
Meta,video,awareness,medium,1290.93,4,5,0,2,0.0279,1.86,3.44
Meta,video,conversions,medium,1514.98,3,54,0,2,0.0392,2.25,3.77
Google,carousel,traffic,medium,1373.11,2,44,0,3,0.0267,2.85,1.78
Google,video,traffic,broad,436.9,5,42,0,1,0.0404,2.37,3.47
Google,video,conversions,medium,1013.28,4,72,0,6,0.0367,2.94,4.11
Meta,video,conversions,broad,1593.7,5,57,1,2,0.0525,2.41,6.74
Meta,image,traffic,broad,977.62,2,47,0,3,0.0083,2.4,0.64
Google,image,conversions,medium,1096.42,5,76,0,3,0.0405,3.0,4.12
Google,carousel,conversions,medium,1553.72,5,25,0,0,0.0301,2.95,4.91
Meta,video,traffic,narrow,1339.47,1,44,0,3,0.0283,2.48,2.37
Google,video,awareness,narrow,848.22,2,15,1,4,0.0397,2.91,5.14
Google,carousel,conversions,medium,1796.05,5,51,0,5,0.0406,2.91,4.14
Meta,carousel,awareness,narrow,367.01,3,53,0,3,0.045,2.68,3.16
Google,video,conversions,broad,1991.26,2,34,0,4,0.0266,3.29,2.1
Google,image,traffic,narrow,281.76,1,77,0,4,0.025,2.67,2.16
Google,video,traffic,medium,79.15,4,8,1,0,0.0412,2.37,5.62
Meta,carousel,awareness,medium,1785.54,5,77,0,6,0.0288,2.55,3.4
Meta,video,conversions,medium,527.66,3,70,0,0,0.0444,1.65,4.61
Google,carousel,traffic,medium,1472.91,1,21,0,3,0.0139,2.82,1.53
Meta,image,traffic,broad,1631.48,2,7,0,0,0.0267,2.62,1.82
Meta,image,conversions,medium,1725.02,5,79,0,0,0.0415,2.56,3.87
Meta,video,conversions,medium,1983.61,1,56,0,6,0.0341,2.22,3.5
Meta,image,conversions,narrow,623.38,1,49,1,5,0.0481,2.4,5.81
Google,image,conversions,medium,1434.97,3,42,0,2,0.0352,3.29,3.06
Google,video,awareness,broad,275.03,4,23,1,3,0.0371,2.78,3.14
Meta,image,conversions,medium,843.28,4,52,0,6,0.028,2.15,4.11
Meta,carousel,conversions,broad,1703.54,4,79,1,3,0.0327,2.76,5.14
Meta,image,traffic,medium,766.93,2,53,0,3,0.0332,1.3,1.68
Google,image,conversions,narrow,1202.64,1,16,1,0,0.0318,3.13,3.26
Google,video,traffic,narrow,1032.36,2,37,0,5,0.0367,2.86,3.55
Meta,image,conversions,medium,1309.61,1,18,0,0,0.0193,2.82,1.85
Google,video,awareness,medium,1947.14,3,20,1,4,0.0457,2.9,4.09
Google,image,awareness,broad,158.68,3,46,0,1,0.0135,2.43,1.72
Google,carousel,awareness,narrow,1169.22,2,2,0,1,0.02,3.13,1.56
Google,image,conversions,medium,1732.91,2,87,0,6,0.02,3.65,2.6
Meta,video,traffic,medium,988.7,3,63,0,1,0.0303,1.61,3.43
Google,video,conversions,medium,203.13,5,3,0,6,0.041,3.07,3.82
Meta,image,conversions,narrow,1143.05,4,46,0,2,0.0377,2.49,4.26
Google,image,conversions,narrow,697.54,4,49,0,0,0.0361,4.0,4.12
Google,carousel,traffic,narrow,352.14,3,1,0,4,0.0275,2.57,2.56
Google,carousel,conversions,narrow,1705.62,4,22,0,4,0.0327,3.45,3.75
Google,image,traffic,narrow,1067.12,5,14,0,1,0.0291,3.19,4.29
Meta,video,conversions,narrow,1869.89,5,85,0,5,0.0592,2.98,6.43
Meta,video,conversions,medium,1621.73,1,45,1,2,0.0421,2.58,5.4
Google,video,traffic,medium,1401.29,2,6,0,6,0.0151,2.79,1.89
Google,video,conversions,broad,59.8,4,65,1,2,0.0394,2.49,5.76
Meta,image,traffic,narrow,884.26,5,21,1,1,0.0475,2.65,5.42
Meta,image,conversions,medium,435.1,2,4,1,6,0.0452,2.4,5.04
Meta,image,awareness,medium,1826.06,2,3,1,6,0.0371,2.46,3.61
Google,video,traffic,narrow,390.44,1,30,1,1,0.0334,2.66,4.21
Google,video,conversions,broad,607.82,2,31,0,0,0.0381,3.11,3.09
Meta,video,conversions,narrow,1057.83,2,34,0,5,0.0398,2.78,4.22
Meta,video,traffic,broad,563.56,3,83,0,2,0.0362,2.01,4.85
Google,carousel,awareness,broad,459.24,1,20,1,4,0.0182,2.79,1.99
Google,video,conversions,medium,1218.24,1,87,1,1,0.024,3.22,4.08
Meta,image,conversions,medium,223.41,4,54,1,0,0.035,1.61,6.02
Meta,video,awareness,medium,163.43,2,25,1,4,0.0237,2.08,3.9
Meta,carousel,traffic,medium,775.88,4,15,1,2,0.0516,1.9,4.79
Meta,image,conversions,medium,1455.3,5,38,0,1,0.0361,2.25,3.84
Meta,video,conversions,narrow,1131.87,2,23,1,6,0.0454,2.86,6.01
Google,image,conversions,narrow,874.61,5,52,0,5,0.0383,3.01,4.8
Google,image,traffic,medium,1153.22,3,66,0,1,0.0209,2.96,2.04
Google,carousel,conversions,medium,762.63,2,57,0,5,0.0271,2.59,3.1
Google,video,awareness,broad,1875.49,4,57,0,0,0.034,2.8,2.21
Meta,carousel,conversions,narrow,157.06,4,79,1,0,0.0496,2.52,6.07
Meta,carousel,conversions,broad,1363.11,2,52,0,2,0.0216,2.72,2.49
Meta,carousel,traffic,narrow,1788.0,4,35,1,5,0.0511,2.47,4.84
Meta,image,awareness,medium,1617.58,2,74,0,1,0.026,2.18,1.52
Google,image,awareness,medium,408.88,1,14,0,0,0.0145,2.41,0.93
Google,image,conversions,medium,627.06,4,14,1,1,0.0479,2.98,5.49
Meta,carousel,traffic,narrow,1448.24,2,33,1,2,0.0388,2.36,5.03
Meta,image,traffic,medium,214.33,2,52,0,5,0.0175,1.51,1.96
Google,image,conversions,broad,1633.13,4,1,0,1,0.0261,2.78,3.24
Meta,image,conversions,medium,1451.87,1,34,0,4,0.0196,2.21,2.76
Meta,image,conversions,medium,1472.73,4,19,1,1,0.0445,2.52,6.1
Google,carousel,conversions,broad,245.47,2,24,1,3,0.0268,2.8,3.54
Google,video,awareness,broad,1449.63,1,4,0,3,0.017,2.69,0.43
Meta,carousel,conversions,medium,1375.65,5,36,0,6,0.0475,2.32,4.62
Meta,image,awareness,narrow,1670.3,3,77,1,2,0.039,2.14,4.57
Google,carousel,traffic,broad,131.11,4,58,1,2,0.029,2.19,3.7
Meta,image,traffic,medium,95.07,2,32,1,2,0.0379,1.44,3.9
Meta,video,traffic,narrow,777.36,1,9,0,4,0.0277,2.13,2.61
Google,carousel,conversions,narrow,340.14,1,80,1,5,0.0335,3.42,4.5
Meta,video,conversions,broad,1138.85,5,67,1,4,0.0529,2.29,7.02
Google,carousel,conversions,narrow,1838.83,4,20,1,6,0.0507,3.44,5.45
Meta,image,traffic,broad,813.39,1,74,0,1,0.0221,1.32,1.99
Google,image,conversions,narrow,1697.65,5,62,1,0,0.0423,4.49,5.9
Meta,video,traffic,broad,50.47,2,58,1,5,0.04,1.18,5.05
Meta,image,conversions,medium,378.6,5,22,1,3,0.0427,1.96,5.89
Meta,video,conversions,medium,109.33,4,67,0,3,0.037,2.19,4.73
Meta,video,conversions,broad,689.89,5,75,0,6,0.046,2.32,4.89
Google,video,awareness,medium,1820.97,1,89,0,3,0.0193,3.0,2.0
Google,video,traffic,medium,239.06,1,48,0,6,0.0234,2.24,1.69
Meta,carousel,conversions,narrow,1232.5,3,8,0,1,0.0388,2.84,3.41
Meta,carousel,traffic,narrow,930.42,5,73,0,1,0.0346,2.2,4.65
Google,video,conversions,narrow,1880.01,2,15,0,2,0.0398,3.67,3.1
Google,image,awareness,medium,288.91,4,32,1,0,0.0358,2.46,4.14
Meta,video,traffic,narrow,463.45,3,53,0,2,0.0291,2.36,4.31
Meta,image,conversions,narrow,107.61,5,67,0,1,0.0424,2.43,4.96
Meta,carousel,traffic,medium,896.17,2,4,1,4,0.0311,1.76,4.11
Google,carousel,conversions,medium,591.77,3,30,0,2,0.0325,3.3,2.66
Meta,image,awareness,broad,1746.32,1,13,0,5,0.0088,2.31,0.46
Google,carousel,conversions,narrow,1229.63,4,21,0,1,0.0342,4.04,2.89
Meta,video,traffic,narrow,1247.48,5,41,0,1,0.0468,1.75,5.67
Google,carousel,conversions,broad,1087.23,2,19,0,4,0.0213,3.4,1.38
Meta,video,traffic,narrow,229.11,1,48,0,4,0.0368,2.15,3.55
Meta,image,traffic,broad,917.79,3,86,1,4,0.0244,1.51,3.66
Meta,image,traffic,broad,1999.04,4,63,0,0,0.0333,2.18,3.64
Google,image,traffic,broad,1678.7,3,20,0,5,0.0196,3.12,2.68
Meta,video,awareness,narrow,1792.25,3,64,1,1,0.0558,2.19,5.09
Meta,carousel,conversions,broad,1655.29,2,37,0,4,0.0304,2.63,2.14
Meta,video,conversions,broad,250.93,1,31,0,0,0.0279,2.34,3.25
Meta,image,conversions,medium,493.52,5,74,1,3,0.0386,1.83,6.47
Google,video,awareness,medium,56.09,2,18,0,5,0.0222,2.27,2.68
Google,video,conversions,narrow,641.84,4,20,1,6,0.0589,3.48,6.11
Google,image,traffic,narrow,261.78,3,82,0,6,0.0329,2.54,4.1
Meta,image,traffic,medium,971.95,4,11,1,3,0.0349,1.53,4.71
Google,video,conversions,medium,1370.4,2,86,0,3,0.0149,3.17,2.53
Meta,video,conversions,medium,1755.29,2,44,0,1,0.0329,2.77,3.52
Meta,image,conversions,medium,1510.97,5,82,1,0,0.0436,2.65,5.6
Meta,carousel,conversions,medium,1880.24,3,64,1,0,0.0408,2.31,6.1
Meta,carousel,conversions,medium,155.1,2,34,1,3,0.0416,2.24,4.44
Google,video,conversions,broad,73.75,4,87,1,5,0.0464,2.57,6.14
Google,video,awareness,narrow,1339.61,5,65,1,2,0.055,2.62,6.1
Google,video,awareness,medium,614.24,4,55,0,3,0.0332,2.37,3.19
Meta,video,conversions,narrow,544.33,3,74,0,1,0.034,2.9,3.76
Meta,image,conversions,medium,695.23,5,1,0,3,0.0333,2.41,4.39
Meta,image,conversions,broad,576.1,5,38,1,5,0.0535,2.17,6.6
Meta,video,traffic,broad,1047.3,5,9,1,5,0.0479,1.69,5.11
Meta,video,awareness,narrow,908.29,1,71,1,3,0.0448,2.06,4.21
Meta,video,conversions,broad,1049.24,5,17,1,0,0.0518,2.35,6.76
Meta,carousel,conversions,narrow,1361.79,4,52,1,3,0.0531,2.49,5.53
Meta,carousel,traffic,medium,804.9,4,18,0,4,0.0191,1.64,3.46
Google,video,traffic,narrow,540.05,3,63,0,4,0.0328,2.8,3.09
Google,video,conversions,broad,374.09,2,33,1,2,0.0358,2.51,4.05
Google,carousel,traffic,medium,731.47,2,4,0,1,0.0264,2.27,1.82
Google,carousel,conversions,medium,1496.52,1,87,0,1,0.0212,3.37,1.71
Meta,image,conversions,broad,1525.57,5,75,0,6,0.0238,2.46,3.65
Google,video,traffic,narrow,1350.47,1,52,0,0,0.0302,3.01,2.77
Google,video,awareness,narrow,506.35,3,9,1,1,0.04,2.58,3.72
Meta,image,conversions,broad,1196.77,3,64,0,2,0.0199,2.83,3.81
Meta,video,awareness,medium,1162.84,2,30,1,4,0.0358,1.6,4.59
Google,video,conversions,narrow,994.32,3,8,0,0,0.0407,3.57,3.4
Meta,image,traffic,medium,1122.46,5,5,1,5,0.0473,1.69,4.73
Meta,video,conversions,medium,1008.99,4,76,1,4,0.0524,2.31,7.1
Meta,carousel,awareness,narrow,1152.64,3,63,1,2,0.0472,2.38,5.42
Meta,video,awareness,narrow,1445.24,1,1,1,0,0.0454,1.92,5.32
Meta,video,conversions,narrow,263.77,5,15,0,3,0.0495,2.48,5.24
Meta,image,awareness,medium,1511.77,3,89,0,1,0.0285,2.31,3.05
Meta,video,awareness,broad,314.98,3,82,0,2,0.0179,2.12,3.2
Meta,carousel,traffic,broad,179.92,5,38,1,0,0.0416,1.51,5.39
Google,image,conversions,medium,1953.36,3,42,1,4,0.0288,3.4,4.99
Meta,video,awareness,narrow,1916.13,4,46,0,0,0.0478,3.14,4.03
Meta,image,awareness,broad,167.85,2,53,1,3,0.0283,1.89,3.52
Meta,video,conversions,medium,914.34,5,26,0,2,0.0432,2.09,4.78
Google,carousel,awareness,narrow,413.18,1,61,0,0,0.0155,2.64,1.79
Meta,video,conversions,broad,996.42,3,67,1,5,0.0491,2.59,6.09
Meta,image,conversions,broad,1668.85,2,54,0,2,0.0261,2.2,1.96
Google,video,traffic,broad,1903.69,1,22,0,2,0.0218,3.2,1.97
Google,image,traffic,broad,1286.79,1,26,1,4,0.0169,2.79,1.76
Meta,carousel,traffic,narrow,740.12,4,83,1,6,0.0431,2.28,5.41
Google,carousel,conversions,narrow,1226.48,2,60,0,1,0.0311,3.49,3.78
Meta,video,awareness,medium,658.4,5,39,1,6,0.0455,1.51,6.19
Meta,video,conversions,narrow,1824.16,2,36,0,5,0.0422,3.39,4.34
Meta,carousel,conversions,medium,1747.28,2,21,0,3,0.0182,2.45,2.1
Meta,carousel,conversions,broad,1138.55,1,41,1,0,0.0306,2.22,3.37
Google,video,traffic,broad,683.36,4,48,0,6,0.037,2.48,3.68
Meta,image,awareness,medium,622.11,4,26,0,1,0.0302,1.74,2.8
Meta,video,traffic,broad,115.17,2,63,0,4,0.0278,1.23,2.61
Google,carousel,awareness,broad,1640.85,2,77,1,1,0.0369,2.62,3.92
Google,video,conversions,medium,928.25,3,36,0,2,0.0203,2.89,2.9
Meta,video,traffic,narrow,684.01,1,24,0,2,0.0289,2.36,2.97
Google,carousel,conversions,narrow,968.67,5,21,0,3,0.037,3.22,4.33
Meta,video,conversions,medium,1646.54,5,18,0,5,0.0473,1.97,5.15
Google,image,conversions,narrow,293.0,4,15,0,0,0.0374,2.7,3.73
Google,image,traffic,narrow,1722.43,1,79,0,0,0.0157,2.78,1.61
Google,video,traffic,narrow,1800.14,4,6,1,4,0.052,3.65,4.8
Meta,video,traffic,medium,1896.08,5,43,1,3,0.047,2.07,6.21
Meta,image,conversions,broad,825.1,2,31,1,0,0.0391,2.4,4.04
Meta,video,conversions,narrow,473.42,1,28,0,5,0.0318,2.7,4.14
